"345341680788066304","@tedcruz i lived in iran when the shah was in power. not great, but at least not as oppressive","Tzo4OiJzdGRDbGFzcyI6NDp7czo4OiJoYXNodGFncyI7YTowOnt9czo3OiJzeW1ib2xzIjthOjA6e31zOjQ6InVybHMiO2E6MDp7fXM6MTM6InVzZXJfbWVudGlvbnMiO2E6MTp7aTowO086ODoic3RkQ2xhc3MiOjU6e3M6MTE6InNjcmVlbl9uYW1lIjtzOjc6InRlZGNydXoiO3M6NDoibmFtZSI7czo4OiJUZWQgQ3J1eiI7czoyOiJpZCI7aToyMzAyMjY4NztzOjY6ImlkX3N0ciI7czo4OiIyMzAyMjY4NyI7czo3OiJpbmRpY2VzIjthOjI6e2k6MDtpOjA7aToxO2k6ODt9fX19","2013-06-13 20:47:27","0.00000","0.00000","864535794","lancesr62","Lance G.","http://a0.twimg.com/profile_images/3783105745/8ff1890ed4b9a81e3fd7a24cc9a63a97_normal.jpeg"
"345341688828542976","Electioneering over, Iran prepares to vote: The rallies are over, the students have been sent home and the peo... http://t.co/E7rZ06z0Ed","Tzo4OiJzdGRDbGFzcyI6NDp7czo4OiJoYXNodGFncyI7YTowOnt9czo3OiJzeW1ib2xzIjthOjA6e31zOjQ6InVybHMiO2E6MTp7aTowO086ODoic3RkQ2xhc3MiOjQ6e3M6MzoidXJsIjtzOjIyOiJodHRwOi8vdC5jby9FN3JaMDZ6MEVkIjtzOjEyOiJleHBhbmRlZF91cmwiO3M6MjE6Imh0dHA6Ly9iaXQubHkvMTNJWlJCNyI7czoxMToiZGlzcGxheV91cmwiO3M6MTQ6ImJpdC5seS8xM0laUkI3IjtzOjc6ImluZGljZXMiO2E6Mjp7aTowO2k6MTE0O2k6MTtpOjEzNjt9fX1zOjEzOiJ1c2VyX21lbnRpb25zIjthOjA6e319","2013-06-13 20:47:29","0.00000","0.00000","749899686","FamosoHernandes","#HBD'24'De #JυиıΘ !♡","http://a0.twimg.com/profile_images/3692810305/a69dd820ef8391cc407f58ad4ffb7193_normal.jpeg"
"345341697259098112","HDnews Electioneering over, Iran prepares to vote: The rallies are over, the students have been s... http://t.co/lJTq4NPrTz #teamperfect","Tzo4OiJzdGRDbGFzcyI6NDp7czo4OiJoYXNodGFncyI7YToxOntpOjA7Tzo4OiJzdGRDbGFzcyI6Mjp7czo0OiJ0ZXh0IjtzOjExOiJ0ZWFtcGVyZmVjdCI7czo3OiJpbmRpY2VzIjthOjI6e2k6MDtpOjEyNDtpOjE7aToxMzY7fX19czo3OiJzeW1ib2xzIjthOjA6e31zOjQ6InVybHMiO2E6MTp7aTowO086ODoic3RkQ2xhc3MiOjQ6e3M6MzoidXJsIjtzOjIyOiJodHRwOi8vdC5jby9sSlRxNE5QclR6IjtzOjEyOiJleHBhbmRlZF91cmwiO3M6MjE6Imh0dHA6Ly9iaXQubHkvMTNJWlJCNyI7czoxMToiZGlzcGxheV91cmwiO3M6MTQ6ImJpdC5seS8xM0laUkI3IjtzOjc6ImluZGljZXMiO2E6Mjp7aTowO2k6MTAxO2k6MTtpOjEyMzt9fX1zOjEzOiJ1c2VyX21lbnRpb25zIjthOjA6e319","2013-06-13 20:47:31","0.00000","0.00000","561852080","PerfectKanu","HDperfect","http://a0.twimg.com/profile_images/3750062855/15f17df02fda77f259159215b90f122c_normal.jpeg"
"345341698240561152","RT @truthaddict83: Maddow: ""Mahmoud Ahmadinejad, he's known around the world for defending Iran's pursuit of nuclear weapons."" FALSE. http:…","Tzo4OiJzdGRDbGFzcyI6NDp7czo4OiJoYXNodGFncyI7YTowOnt9czo3OiJzeW1ib2xzIjthOjA6e31zOjQ6InVybHMiO2E6MDp7fXM6MTM6InVzZXJfbWVudGlvbnMiO2E6MTp7aTowO086ODoic3RkQ2xhc3MiOjU6e3M6MTE6InNjcmVlbl9uYW1lIjtzOjEzOiJ0cnV0aGFkZGljdDgzIjtzOjQ6Im5hbWUiO3M6MTI6IktldmluIFdhZ25lciI7czoyOiJpZCI7aTozODUzNTY1OTtzOjY6ImlkX3N0ciI7czo4OiIzODUzNTY1OSI7czo3OiJpbmRpY2VzIjthOjI6e2k6MDtpOjM7aToxO2k6MTc7fX19fQ==","2013-06-13 20:47:31","0.00000","0.00000","25931594","calvincoolidge3","James Boyle","http://a0.twimg.com/profile_images/509017194/w_normal.jpg"
"345341706327171072","Electioneering over, Iran prepares to vote http://t.co/DFPyiyjSqu","Tzo4OiJzdGRDbGFzcyI6NDp7czo4OiJoYXNodGFncyI7YTowOnt9czo3OiJzeW1ib2xzIjthOjA6e31zOjQ6InVybHMiO2E6MTp7aTowO086ODoic3RkQ2xhc3MiOjQ6e3M6MzoidXJsIjtzOjIyOiJodHRwOi8vdC5jby9ERlB5aXlqU3F1IjtzOjEyOiJleHBhbmRlZF91cmwiO3M6MjE6Imh0dHA6Ly9iaXQubHkvMTNJWlJrbiI7czoxMToiZGlzcGxheV91cmwiO3M6MTQ6ImJpdC5seS8xM0laUmtuIjtzOjc6ImluZGljZXMiO2E6Mjp7aTowO2k6NDM7aToxO2k6NjU7fX19czoxMzoidXNlcl9tZW50aW9ucyI7YTowOnt9fQ==","2013-06-13 20:47:33","0.00000","0.00000","1333223839","RickyJow","Ricky Jow","http://a0.twimg.com/profile_images/3494348980/5e730636a0ac22a0ade297ce98a4cccf_normal.jpeg"
"345341720352915457","RT @ShirinSadeghi: BREAKING: US has formally announced it will be joining the war in #Syria just hours before voting begins in #Iranelectio…","Tzo4OiJzdGRDbGFzcyI6NDp7czo4OiJoYXNodGFncyI7YToyOntpOjA7Tzo4OiJzdGRDbGFzcyI6Mjp7czo0OiJ0ZXh0IjtzOjU6IlN5cmlhIjtzOjc6ImluZGljZXMiO2E6Mjp7aTowO2k6ODU7aToxO2k6OTE7fX1pOjE7Tzo4OiJzdGRDbGFzcyI6Mjp7czo0OiJ0ZXh0IjtzOjExOiJJcmFuZWxlY3RpbyI7czo3OiJpbmRpY2VzIjthOjI6e2k6MDtpOjEyNztpOjE7aToxMzk7fX19czo3OiJzeW1ib2xzIjthOjA6e31zOjQ6InVybHMiO2E6MDp7fXM6MTM6InVzZXJfbWVudGlvbnMiO2E6MTp7aTowO086ODoic3RkQ2xhc3MiOjU6e3M6MTE6InNjcmVlbl9uYW1lIjtzOjEzOiJTaGlyaW5TYWRlZ2hpIjtzOjQ6Im5hbWUiO3M6MTQ6IlNoaXJpbiBTYWRlZ2hpIjtzOjI6ImlkIjtpOjQ5OTg2NjIwO3M6NjoiaWRfc3RyIjtzOjg6IjQ5OTg2NjIwIjtzOjc6ImluZGljZXMiO2E6Mjp7aTowO2k6MztpOjE7aToxNzt9fX19","2013-06-13 20:47:36","0.00000","0.00000","131700868","IAmTheStarchild","§TVR€HILÐ أسد الصحرا","http://a0.twimg.com/profile_images/3556191901/5a0469c9b12381c9c9a5525e01ca586b_normal.png"
"345341732134731776",".@ahmetchris You're probably right. He may the most powerful sane voice for Iranians outside of #Iran. @PahlaviReza","Tzo4OiJzdGRDbGFzcyI6NDp7czo4OiJoYXNodGFncyI7YToxOntpOjA7Tzo4OiJzdGRDbGFzcyI6Mjp7czo0OiJ0ZXh0IjtzOjQ6IklyYW4iO3M6NzoiaW5kaWNlcyI7YToyOntpOjA7aTo5NjtpOjE7aToxMDE7fX19czo3OiJzeW1ib2xzIjthOjA6e31zOjQ6InVybHMiO2E6MDp7fXM6MTM6InVzZXJfbWVudGlvbnMiO2E6Mjp7aTowO086ODoic3RkQ2xhc3MiOjU6e3M6MTE6InNjcmVlbl9uYW1lIjtzOjEwOiJhaG1ldGNocmlzIjtzOjQ6Im5hbWUiO3M6MTI6ImNocmlzIHNhcm1hcyI7czoyOiJpZCI7aTo0NzYxMjUzOTtzOjY6ImlkX3N0ciI7czo4OiI0NzYxMjUzOSI7czo3OiJpbmRpY2VzIjthOjI6e2k6MDtpOjE7aToxO2k6MTI7fX1pOjE7Tzo4OiJzdGRDbGFzcyI6NTp7czoxMToic2NyZWVuX25hbWUiO3M6MTE6IlBhaGxhdmlSZXphIjtzOjQ6Im5hbWUiO3M6MTI6IlJlemEgUGFobGF2aSI7czoyOiJpZCI7aTozODE1NDc2MztzOjY6ImlkX3N0ciI7czo4OiIzODE1NDc2MyI7czo3OiJpbmRpY2VzIjthOjI6e2k6MDtpOjEwMztpOjE7aToxMTU7fX19fQ==","2013-06-13 20:47:39","0.00000","0.00000","22819351","Mwforhr","Marianne","http://a0.twimg.com/profile_images/3624383781/ee3a66dcc9f5b3e45315d2e4d269c11c_normal.jpeg"
"345341757896134656","RT @Geniusbastard: I'll never forget staring aghast @ tweets from Iran when the protests turned violent. CNN, MSNBC, Fox were running regul…","Tzo4OiJzdGRDbGFzcyI6NDp7czo4OiJoYXNodGFncyI7YTowOnt9czo3OiJzeW1ib2xzIjthOjA6e31zOjQ6InVybHMiO2E6MDp7fXM6MTM6InVzZXJfbWVudGlvbnMiO2E6MTp7aTowO086ODoic3RkQ2xhc3MiOjU6e3M6MTE6InNjcmVlbl9uYW1lIjtzOjEzOiJHZW5pdXNiYXN0YXJkIjtzOjQ6Im5hbWUiO3M6MjA6IkJyYW5kb24gRGF2aWQgV2lsc29uIjtzOjI6ImlkIjtpOjE4MzI0MTk5O3M6NjoiaWRfc3RyIjtzOjg6IjE4MzI0MTk5IjtzOjc6ImluZGljZXMiO2E6Mjp7aTowO2k6MztpOjE7aToxNzt9fX19","2013-06-13 20:47:45","0.00000","0.00000","104678091","proflafferty","Patrick T. Lafferty","http://a0.twimg.com/profile_images/3632267215/08c5e25a7018bdbf43610b758c2e2cbe_normal.jpeg"
"345341771024302080","@raffeg @birdSTL Russia is good friends with Iran and Palestinians. If Israel has AK47, they are captured from Arab armies.","Tzo4OiJzdGRDbGFzcyI6NDp7czo4OiJoYXNodGFncyI7YTowOnt9czo3OiJzeW1ib2xzIjthOjA6e31zOjQ6InVybHMiO2E6MDp7fXM6MTM6InVzZXJfbWVudGlvbnMiO2E6Mjp7aTowO086ODoic3RkQ2xhc3MiOjU6e3M6MTE6InNjcmVlbl9uYW1lIjtzOjY6InJhZmZlZyI7czo0OiJuYW1lIjtzOjEwOiJSYWZmZSBHb2xkIjtzOjI6ImlkIjtpOjYwNzIyMzIwO3M6NjoiaWRfc3RyIjtzOjg6IjYwNzIyMzIwIjtzOjc6ImluZGljZXMiO2E6Mjp7aTowO2k6MDtpOjE7aTo3O319aToxO086ODoic3RkQ2xhc3MiOjU6e3M6MTE6InNjcmVlbl9uYW1lIjtzOjc6ImJpcmRTVEwiO3M6NDoibmFtZSI7czoyMDoiemlvbmlzbSBXSUxMIGZhaWzihKIiO3M6MjoiaWQiO2k6MzMwMjU1NTI7czo2OiJpZF9zdHIiO3M6ODoiMzMwMjU1NTIiO3M6NzoiaW5kaWNlcyI7YToyOntpOjA7aTo4O2k6MTtpOjE2O319fX0=","2013-06-13 20:47:49","0.00000","0.00000","304621514","TabrizKhanUSAF","Tabriz Khan","http://a0.twimg.com/profile_images/344513261575090201/38be4f8d7b365a8cf42d4acea5dc9ae2_normal.jpeg"
"345341775847768064","RT @HamdeenSabahy: كل الدعم لمطالب طلاب مصر من أجل التعبير عن ارادتهم فى اختيار مجلس اتحاد يعبر عنهم عبر انتخابات ديمقراطية نزيهة . https:/…","Tzo4OiJzdGRDbGFzcyI6NDp7czo4OiJoYXNodGFncyI7YTowOnt9czo3OiJzeW1ib2xzIjthOjA6e31zOjQ6InVybHMiO2E6MDp7fXM6MTM6InVzZXJfbWVudGlvbnMiO2E6MTp7aTowO086ODoic3RkQ2xhc3MiOjU6e3M6MTE6InNjcmVlbl9uYW1lIjtzOjEzOiJIYW1kZWVuU2FiYWh5IjtzOjQ6Im5hbWUiO3M6MjE6Itit2YXYr9mK2YYg2LXYqNin2K3ZiiI7czoyOiJpZCI7aToxNDI4MjczOTM7czo2OiJpZF9zdHIiO3M6OToiMTQyODI3MzkzIjtzOjc6ImluZGljZXMiO2E6Mjp7aTowO2k6MztpOjE7aToxNzt9fX19","2013-06-13 20:47:50","0.00000","0.00000","1514595853","samyalhakem1","دكتور فخري","http://a0.twimg.com/profile_images/344513261575130782/d9e7f4bce4ab40b73d26a2f019370fdb_normal.jpeg"
"345341779089952768","Google passwords stolen in Iran | worldwide | Finland Times http://t.co/Cj8NBXXyIa via @sharethis","Tzo4OiJzdGRDbGFzcyI6NDp7czo4OiJoYXNodGFncyI7YTowOnt9czo3OiJzeW1ib2xzIjthOjA6e31zOjQ6InVybHMiO2E6MTp7aTowO086ODoic3RkQ2xhc3MiOjQ6e3M6MzoidXJsIjtzOjIyOiJodHRwOi8vdC5jby9DajhOQlhYeUlhIjtzOjEyOiJleHBhbmRlZF91cmwiO3M6MjA6Imh0dHA6Ly9zaGFyLmVzL3htaDlxIjtzOjExOiJkaXNwbGF5X3VybCI7czoxMzoic2hhci5lcy94bWg5cSI7czo3OiJpbmRpY2VzIjthOjI6e2k6MDtpOjYwO2k6MTtpOjgyO319fXM6MTM6InVzZXJfbWVudGlvbnMiO2E6MTp7aTowO086ODoic3RkQ2xhc3MiOjU6e3M6MTE6InNjcmVlbl9uYW1lIjtzOjk6IlNoYXJlVGhpcyI7czo0OiJuYW1lIjtzOjk6IlNoYXJlVGhpcyI7czoyOiJpZCI7aToxNDExNjgwNztzOjY6ImlkX3N0ciI7czo4OiIxNDExNjgwNyI7czo3OiJpbmRpY2VzIjthOjI6e2k6MDtpOjg3O2k6MTtpOjk3O319fX0=","2013-06-13 20:47:50","0.00000","0.00000","1308584192","FinlandTimes","Finland Times","http://a0.twimg.com/profile_images/3439477528/143346973f56ed53b529194cfec29aa3_normal.png"
"345341818516414464","RT @tedcruz: Today, I ask all Americans to join in urging regime in Iran to tear down walls of political &amp; religious persecution: http://t.…","Tzo4OiJzdGRDbGFzcyI6NDp7czo4OiJoYXNodGFncyI7YTowOnt9czo3OiJzeW1ib2xzIjthOjA6e31zOjQ6InVybHMiO2E6MDp7fXM6MTM6InVzZXJfbWVudGlvbnMiO2E6MTp7aTowO086ODoic3RkQ2xhc3MiOjU6e3M6MTE6InNjcmVlbl9uYW1lIjtzOjc6InRlZGNydXoiO3M6NDoibmFtZSI7czo4OiJUZWQgQ3J1eiI7czoyOiJpZCI7aToyMzAyMjY4NztzOjY6ImlkX3N0ciI7czo4OiIyMzAyMjY4NyI7czo3OiJpbmRpY2VzIjthOjI6e2k6MDtpOjM7aToxO2k6MTE7fX19fQ==","2013-06-13 20:48:00","0.00000","0.00000","275704406","coopdd","Doris Cooper","http://a0.twimg.com/profile_images/3584705909/06d83aabd4f683d98aa318e473ed1af0_normal.jpeg"
"345341832068210688","واسه انتخابات آرایش کنم ؟             #دغدغه_دخترا","Tzo4OiJzdGRDbGFzcyI6NDp7czo4OiJoYXNodGFncyI7YToxOntpOjA7Tzo4OiJzdGRDbGFzcyI6Mjp7czo0OiJ0ZXh0IjtzOjIxOiLYr9i62K/YutmHX9iv2K7Yqtix2KciO3M6NzoiaW5kaWNlcyI7YToyOntpOjA7aTozODtpOjE7aTo1MDt9fX1zOjc6InN5bWJvbHMiO2E6MDp7fXM6NDoidXJscyI7YTowOnt9czoxMzoidXNlcl9tZW50aW9ucyI7YTowOnt9fQ==","2013-06-13 20:48:03","0.00000","0.00000","458333453","Paris23_","پاريس","http://a0.twimg.com/profile_images/3704598871/b296e7e7fcb8ebb904cad92a7316e6ee_normal.jpeg"
"345341836166066176","=))))) سریع‌تر تموم شه این #انتخابات من این تحلیلای سیاوش رو نبینم که کمر به نابودی منطق و قلسفه بسته دوست ِ خوبمون. :)))))","Tzo4OiJzdGRDbGFzcyI6NDp7czo4OiJoYXNodGFncyI7YToxOntpOjA7Tzo4OiJzdGRDbGFzcyI6Mjp7czo0OiJ0ZXh0IjtzOjE2OiLYp9mG2KrYrtin2KjYp9iqIjtzOjc6ImluZGljZXMiO2E6Mjp7aTowO2k6Mjc7aToxO2k6MzY7fX19czo3OiJzeW1ib2xzIjthOjA6e31zOjQ6InVybHMiO2E6MDp7fXM6MTM6InVzZXJfbWVudGlvbnMiO2E6MDp7fX0=","2013-06-13 20:48:04","0.00000","0.00000","332988816","Amir_Javadi","AmirJavadi","http://a0.twimg.com/profile_images/3760103533/08ab11948f21b2b6b569d07bc3429564_normal.jpeg"
"345341850904829952","بزنه فردا امام زمان ظهور كنه انتخابات گاييده شه :))","Tzo4OiJzdGRDbGFzcyI6NDp7czo4OiJoYXNodGFncyI7YTowOnt9czo3OiJzeW1ib2xzIjthOjA6e31zOjQ6InVybHMiO2E6MDp7fXM6MTM6InVzZXJfbWVudGlvbnMiO2E6MDp7fX0=","2013-06-13 20:48:08","0.00000","0.00000","796129070","_the_LuCifer","Blue Black","http://a0.twimg.com/profile_images/3733934755/cd2c88723c827f7a888fb4b91bcc6b42_normal.jpeg"
"345341874074165248","Thousands of Gmail account users in Iran have been targeted in phishing attacks intended to influence the country’s national election.","Tzo4OiJzdGRDbGFzcyI6NDp7czo4OiJoYXNodGFncyI7YTowOnt9czo3OiJzeW1ib2xzIjthOjA6e31zOjQ6InVybHMiO2E6MDp7fXM6MTM6InVzZXJfbWVudGlvbnMiO2E6MDp7fX0=","2013-06-13 20:48:13","0.00000","0.00000","232499338","PCHmagazine_OC","PCH Magazine OC ","http://a0.twimg.com/profile_images/1207769905/purple-beach-sun-set_normal.jpg"
"345341889408561153","@robbiehart21 I hate to say it but Russia and Iran r on the rightside of this...If u had to pick sides. They r fighting with the Christians!","Tzo4OiJzdGRDbGFzcyI6NDp7czo4OiJoYXNodGFncyI7YTowOnt9czo3OiJzeW1ib2xzIjthOjA6e31zOjQ6InVybHMiO2E6MDp7fXM6MTM6InVzZXJfbWVudGlvbnMiO2E6MTp7aTowO086ODoic3RkQ2xhc3MiOjU6e3M6MTE6InNjcmVlbl9uYW1lIjtzOjEyOiJyb2JiaWVoYXJ0MjEiO3M6NDoibmFtZSI7czoxODoiSm9uYXRoYW4gTWNDcmFja2VuIjtzOjI6ImlkIjtpOjMwNjQxNTU3MDtzOjY6ImlkX3N0ciI7czo5OiIzMDY0MTU1NzAiO3M6NzoiaW5kaWNlcyI7YToyOntpOjA7aTowO2k6MTtpOjEzO319fX0=","2013-06-13 20:48:17","0.00000","0.00000","96046850","mkpnt","Mike Pinto","http://a0.twimg.com/profile_images/3630874774/9ae75e86be34ba542d259f61647806a0_normal.jpeg"
"345341911302803456","RT @tedcruz: Today, I ask all Americans to join in urging regime in Iran to tear down walls of political &amp; religious persecution: http://t.…","Tzo4OiJzdGRDbGFzcyI6NDp7czo4OiJoYXNodGFncyI7YTowOnt9czo3OiJzeW1ib2xzIjthOjA6e31zOjQ6InVybHMiO2E6MDp7fXM6MTM6InVzZXJfbWVudGlvbnMiO2E6MTp7aTowO086ODoic3RkQ2xhc3MiOjU6e3M6MTE6InNjcmVlbl9uYW1lIjtzOjc6InRlZGNydXoiO3M6NDoibmFtZSI7czo4OiJUZWQgQ3J1eiI7czoyOiJpZCI7aToyMzAyMjY4NztzOjY6ImlkX3N0ciI7czo4OiIyMzAyMjY4NyI7czo3OiJpbmRpY2VzIjthOjI6e2k6MDtpOjM7aToxO2k6MTE7fX19fQ==","2013-06-13 20:48:22","0.00000","0.00000","178612775","jbapex","Jeremy Balkin","http://a0.twimg.com/profile_images/3620424326/23b5025f62d313e6a36174e4fb248aba_normal.jpeg"
"345341949483548673","@Khaffousa @jacobinism @matanlurey (conclusion).... It blames da Jews.  Mubarak, Gaddafi, Iran ('09), and now Assad.","Tzo4OiJzdGRDbGFzcyI6NDp7czo4OiJoYXNodGFncyI7YTowOnt9czo3OiJzeW1ib2xzIjthOjA6e31zOjQ6InVybHMiO2E6MDp7fXM6MTM6InVzZXJfbWVudGlvbnMiO2E6Mzp7aTowO086ODoic3RkQ2xhc3MiOjU6e3M6MTE6InNjcmVlbl9uYW1lIjtzOjk6IktoYWZmb3VzYSI7czo0OiJuYW1lIjtzOjE0OiJTYWlkYSBNYW5vdWJpYSI7czoyOiJpZCI7aToyMzYwMDMzOTg7czo2OiJpZF9zdHIiO3M6OToiMjM2MDAzMzk4IjtzOjc6ImluZGljZXMiO2E6Mjp7aTowO2k6MDtpOjE7aToxMDt9fWk6MTtPOjg6InN0ZENsYXNzIjo1OntzOjExOiJzY3JlZW5fbmFtZSI7czoxMDoiamFjb2JpbmlzbSI7czo0OiJuYW1lIjtzOjE5OiJVbnJlcGVudGFudCBKYWNvYmluIjtzOjI6ImlkIjtpOjgwMTYyOTkwNDtzOjY6ImlkX3N0ciI7czo5OiI4MDE2Mjk5MDQiO3M6NzoiaW5kaWNlcyI7YToyOntpOjA7aToxMTtpOjE7aToyMjt9fWk6MjtPOjg6InN0ZENsYXNzIjo1OntzOjExOiJzY3JlZW5fbmFtZSI7czoxMDoibWF0YW5sdXJleSI7czo0OiJuYW1lIjtzOjExOiJNYXRhbiBMdXJleSI7czoyOiJpZCI7aTo3NzUzNzIyO3M6NjoiaWRfc3RyIjtzOjc6Ijc3NTM3MjIiO3M6NzoiaW5kaWNlcyI7YToyOntpOjA7aToyMztpOjE7aTozNDt9fX19","2013-06-13 20:48:31","0.00000","0.00000","44159061","CA_Bailey","Christopher Bailey","http://a0.twimg.com/sticky/default_profile_images/default_profile_2_normal.png"
"345341958618742784","Iran Focused on Elections, Syria, Not Iraq http://t.co/CCRieM8Sey via @AlMonitor","Tzo4OiJzdGRDbGFzcyI6NDp7czo4OiJoYXNodGFncyI7YTowOnt9czo3OiJzeW1ib2xzIjthOjA6e31zOjQ6InVybHMiO2E6MTp7aTowO086ODoic3RkQ2xhc3MiOjQ6e3M6MzoidXJsIjtzOjIyOiJodHRwOi8vdC5jby9DQ1JpZU04U2V5IjtzOjEyOiJleHBhbmRlZF91cmwiO3M6MTk6Imh0dHA6Ly9hbG1vbi5jby9hMmwiO3M6MTE6ImRpc3BsYXlfdXJsIjtzOjEyOiJhbG1vbi5jby9hMmwiO3M6NzoiaW5kaWNlcyI7YToyOntpOjA7aTo0MztpOjE7aTo2NTt9fX1zOjEzOiJ1c2VyX21lbnRpb25zIjthOjE6e2k6MDtPOjg6InN0ZENsYXNzIjo1OntzOjExOiJzY3JlZW5fbmFtZSI7czo5OiJBbE1vbml0b3IiO3M6NDoibmFtZSI7czoxMDoiQWwtTW9uaXRvciI7czoyOiJpZCI7aToyOTAwNjE5MTI7czo2OiJpZF9zdHIiO3M6OToiMjkwMDYxOTEyIjtzOjc6ImluZGljZXMiO2E6Mjp7aTowO2k6NzA7aToxO2k6ODA7fX19fQ==","2013-06-13 20:48:33","0.00000","0.00000","463711153","PhilVelissariou","Duprey Philippe","http://a0.twimg.com/sticky/default_profile_images/default_profile_3_normal.png"
"345341959700881408","How much #Wikipedia could tell us about elections http://t.co/BpaCcYC1oo @WikiResearch #Iran #election #Rouhani #Jalili #انتخابات #ایران","Tzo4OiJzdGRDbGFzcyI6NDp7czo4OiJoYXNodGFncyI7YTo3OntpOjA7Tzo4OiJzdGRDbGFzcyI6Mjp7czo0OiJ0ZXh0IjtzOjk6Ildpa2lwZWRpYSI7czo3OiJpbmRpY2VzIjthOjI6e2k6MDtpOjk7aToxO2k6MTk7fX1pOjE7Tzo4OiJzdGRDbGFzcyI6Mjp7czo0OiJ0ZXh0IjtzOjQ6IklyYW4iO3M6NzoiaW5kaWNlcyI7YToyOntpOjA7aTo4NztpOjE7aTo5Mjt9fWk6MjtPOjg6InN0ZENsYXNzIjoyOntzOjQ6InRleHQiO3M6ODoiZWxlY3Rpb24iO3M6NzoiaW5kaWNlcyI7YToyOntpOjA7aTo5MztpOjE7aToxMDI7fX1pOjM7Tzo4OiJzdGRDbGFzcyI6Mjp7czo0OiJ0ZXh0IjtzOjc6IlJvdWhhbmkiO3M6NzoiaW5kaWNlcyI7YToyOntpOjA7aToxMDM7aToxO2k6MTExO319aTo0O086ODoic3RkQ2xhc3MiOjI6e3M6NDoidGV4dCI7czo2OiJKYWxpbGkiO3M6NzoiaW5kaWNlcyI7YToyOntpOjA7aToxMTI7aToxO2k6MTE5O319aTo1O086ODoic3RkQ2xhc3MiOjI6e3M6NDoidGV4dCI7czoxNjoi2KfZhtiq2K7Yp9io2KfYqiI7czo3OiJpbmRpY2VzIjthOjI6e2k6MDtpOjEyMDtpOjE7aToxMjk7fX1pOjY7Tzo4OiJzdGRDbGFzcyI6Mjp7czo0OiJ0ZXh0IjtzOjEwOiLYp9uM2LHYp9mGIjtzOjc6ImluZGljZXMiO2E6Mjp7aTowO2k6MTMwO2k6MTtpOjEzNjt9fX1zOjc6InN5bWJvbHMiO2E6MDp7fXM6NDoidXJscyI7YToxOntpOjA7Tzo4OiJzdGRDbGFzcyI6NDp7czozOiJ1cmwiO3M6MjI6Imh0dHA6Ly90LmNvL0JwYUNjWUMxb28iO3M6MTI6ImV4cGFuZGVkX3VybCI7czoyMjoiaHR0cDovL3dwLm1lL3AyWmJ1Vi00TCI7czoxMToiZGlzcGxheV91cmwiO3M6MTU6IndwLm1lL3AyWmJ1Vi00TCI7czo3OiJpbmRpY2VzIjthOjI6e2k6MDtpOjUwO2k6MTtpOjcyO319fXM6MTM6InVzZXJfbWVudGlvbnMiO2E6MTp7aTowO086ODoic3RkQ2xhc3MiOjU6e3M6MTE6InNjcmVlbl9uYW1lIjtzOjEyOiJXaWtpUmVzZWFyY2giO3M6NDoibmFtZSI7czoxMjoiV2lraVJlc2VhcmNoIjtzOjI6ImlkIjtpOjQ1MDg0MjU1MDtzOjY6ImlkX3N0ciI7czo5OiI0NTA4NDI1NTAiO3M6NzoiaW5kaWNlcyI7YToyOntpOjA7aTo3MztpOjE7aTo4Njt9fX19","2013-06-13 20:48:33","0.00000","0.00000","57571700","TahaYasseri","Taha Yasseri","http://a0.twimg.com/profile_images/2094692556/met_normal.jpg"
"345341960690745344","@catalina_navis @AlexaMedina_ @MafeLopez_R @Geralrodriguez6. Niñas como se iran vestidas mañana?","Tzo4OiJzdGRDbGFzcyI6NDp7czo4OiJoYXNodGFncyI7YTowOnt9czo3OiJzeW1ib2xzIjthOjA6e31zOjQ6InVybHMiO2E6MDp7fXM6MTM6InVzZXJfbWVudGlvbnMiO2E6NDp7aTowO086ODoic3RkQ2xhc3MiOjU6e3M6MTE6InNjcmVlbl9uYW1lIjtzOjE0OiJjYXRhbGluYV9uYXZpcyI7czo0OiJuYW1lIjtzOjM6IkNOLiI7czoyOiJpZCI7aToyMTE2NDQyNjQ7czo2OiJpZF9zdHIiO3M6OToiMjExNjQ0MjY0IjtzOjc6ImluZGljZXMiO2E6Mjp7aTowO2k6MDtpOjE7aToxNTt9fWk6MTtPOjg6InN0ZENsYXNzIjo1OntzOjExOiJzY3JlZW5fbmFtZSI7czoxMjoiQWxleGFNZWRpbmFfIjtzOjQ6Im5hbWUiO3M6MTM6IkRpYW5hIE1lZGluYS4iO3M6MjoiaWQiO2k6Mjc3MTg2MTQwO3M6NjoiaWRfc3RyIjtzOjk6IjI3NzE4NjE0MCI7czo3OiJpbmRpY2VzIjthOjI6e2k6MDtpOjE2O2k6MTtpOjI5O319aToyO086ODoic3RkQ2xhc3MiOjU6e3M6MTE6InNjcmVlbl9uYW1lIjtzOjExOiJNYWZlTG9wZXpfUiI7czo0OiJuYW1lIjtzOjc6Ik1hZmXimaUiO3M6MjoiaWQiO2k6MTY4MjQ2MTg5O3M6NjoiaWRfc3RyIjtzOjk6IjE2ODI0NjE4OSI7czo3OiJpbmRpY2VzIjthOjI6e2k6MDtpOjMwO2k6MTtpOjQyO319aTozO086ODoic3RkQ2xhc3MiOjU6e3M6MTE6InNjcmVlbl9uYW1lIjtzOjE1OiJHZXJhbHJvZHJpZ3VlejYiO3M6NDoibmFtZSI7czo5OiJUaGV5ICDimaUiO3M6MjoiaWQiO2k6NDAwNzc1NTUyO3M6NjoiaWRfc3RyIjtzOjk6IjQwMDc3NTU1MiI7czo3OiJpbmRpY2VzIjthOjI6e2k6MDtpOjQzO2k6MTtpOjU5O319fX0=","2013-06-13 20:48:34","0.00000","0.00000","293773480","Aleja_1203","Alejandra Gomez♥","http://a0.twimg.com/profile_images/3755152386/ddf0660794e3e267f9c7ae96423f9cc4_normal.jpeg"
"345341967280005120","Sensible advice from Stephen Hadley, Joe Lieberman and Jim Steinberg: The impasse with #Iran.  http://t.co/X3dhXIdxFN","Tzo4OiJzdGRDbGFzcyI6NDp7czo4OiJoYXNodGFncyI7YToxOntpOjA7Tzo4OiJzdGRDbGFzcyI6Mjp7czo0OiJ0ZXh0IjtzOjQ6IklyYW4iO3M6NzoiaW5kaWNlcyI7YToyOntpOjA7aTo4NztpOjE7aTo5Mjt9fX1zOjc6InN5bWJvbHMiO2E6MDp7fXM6NDoidXJscyI7YToxOntpOjA7Tzo4OiJzdGRDbGFzcyI6NDp7czozOiJ1cmwiO3M6MjI6Imh0dHA6Ly90LmNvL1gzZGhYSWR4Rk4iO3M6MTI6ImV4cGFuZGVkX3VybCI7czoyMjoiaHR0cDovL3dhcG8uc3QvMTJydTRJNiI7czoxMToiZGlzcGxheV91cmwiO3M6MTU6IndhcG8uc3QvMTJydTRJNiI7czo3OiJpbmRpY2VzIjthOjI6e2k6MDtpOjk1O2k6MTtpOjExNzt9fX1zOjEzOiJ1c2VyX21lbnRpb25zIjthOjA6e319","2013-06-13 20:48:35","0.00000","0.00000","48252327","dubo1968","Mark Dubowitz","http://a0.twimg.com/profile_images/2179010346/image_normal.jpg"
"345341970044043264","IRAN/AMIGHI/FACEBOOK/GOOGLE: Goodbye Islam! Hellow Prosperity! Introducation to my Book: http://t.co/TDvYqD0zpL via @youtube","Tzo4OiJzdGRDbGFzcyI6NDp7czo4OiJoYXNodGFncyI7YTowOnt9czo3OiJzeW1ib2xzIjthOjA6e31zOjQ6InVybHMiO2E6MTp7aTowO086ODoic3RkQ2xhc3MiOjQ6e3M6MzoidXJsIjtzOjIyOiJodHRwOi8vdC5jby9URHZZcUQwenBMIjtzOjEyOiJleHBhbmRlZF91cmwiO3M6Mjc6Imh0dHA6Ly95b3V0dS5iZS9xdVB2RDhkTzJ0cyI7czoxMToiZGlzcGxheV91cmwiO3M6MjA6InlvdXR1LmJlL3F1UHZEOGRPMnRzIjtzOjc6ImluZGljZXMiO2E6Mjp7aTowO2k6ODk7aToxO2k6MTExO319fXM6MTM6InVzZXJfbWVudGlvbnMiO2E6MTp7aTowO086ODoic3RkQ2xhc3MiOjU6e3M6MTE6InNjcmVlbl9uYW1lIjtzOjc6IllvdVR1YmUiO3M6NDoibmFtZSI7czo3OiJZb3VUdWJlIjtzOjI6ImlkIjtpOjEwMjI4MjcyO3M6NjoiaWRfc3RyIjtzOjg6IjEwMjI4MjcyIjtzOjc6ImluZGljZXMiO2E6Mjp7aTowO2k6MTE2O2k6MTtpOjEyNDt9fX19","2013-06-13 20:48:36","0.00000","0.00000","113973519","Amighi","Karim Amighi","http://a0.twimg.com/profile_images/3340047200/d51629cdf6eab87a9768c9ef41292da1_normal.jpeg"
"345341992668110848","Unlike Obama's war in Libya, which he lost, this time  #Syria has the military support of Russia and Iran. #WWIII  #NoMoreObamaWar","Tzo4OiJzdGRDbGFzcyI6NDp7czo4OiJoYXNodGFncyI7YTozOntpOjA7Tzo4OiJzdGRDbGFzcyI6Mjp7czo0OiJ0ZXh0IjtzOjU6IlN5cmlhIjtzOjc6ImluZGljZXMiO2E6Mjp7aTowO2k6NTU7aToxO2k6NjE7fX1pOjE7Tzo4OiJzdGRDbGFzcyI6Mjp7czo0OiJ0ZXh0IjtzOjU6IldXSUlJIjtzOjc6ImluZGljZXMiO2E6Mjp7aTowO2k6MTA3O2k6MTtpOjExMzt9fWk6MjtPOjg6InN0ZENsYXNzIjoyOntzOjQ6InRleHQiO3M6MTQ6Ik5vTW9yZU9iYW1hV2FyIjtzOjc6ImluZGljZXMiO2E6Mjp7aTowO2k6MTE1O2k6MTtpOjEzMDt9fX1zOjc6InN5bWJvbHMiO2E6MDp7fXM6NDoidXJscyI7YTowOnt9czoxMzoidXNlcl9tZW50aW9ucyI7YTowOnt9fQ==","2013-06-13 20:48:41","0.00000","0.00000","66495289","reluctantzealot","Just me","http://a0.twimg.com/profile_images/2582338542/1w2ckab9mislwukoixkp_normal.jpeg"
"345341995478306816","Pero un dia se iran de casa y entre sus cosas se llevaran un pedazo de mi vida que jamas regresaran(8)'","Tzo4OiJzdGRDbGFzcyI6NDp7czo4OiJoYXNodGFncyI7YTowOnt9czo3OiJzeW1ib2xzIjthOjA6e31zOjQ6InVybHMiO2E6MDp7fXM6MTM6InVzZXJfbWVudGlvbnMiO2E6MDp7fX0=","2013-06-13 20:48:42","0.00000","0.00000","200252728","MeDicenVevo","LB&VC♥","http://a0.twimg.com/profile_images/344513261566275049/9f123e464aa54ac43ba7a6c775f71855_normal.jpeg"
"345341996140990467","RT @tedcruz: Today, I ask all Americans to join in urging regime in Iran to tear down walls of political &amp; religious persecution: http://t.…","Tzo4OiJzdGRDbGFzcyI6NDp7czo4OiJoYXNodGFncyI7YTowOnt9czo3OiJzeW1ib2xzIjthOjA6e31zOjQ6InVybHMiO2E6MDp7fXM6MTM6InVzZXJfbWVudGlvbnMiO2E6MTp7aTowO086ODoic3RkQ2xhc3MiOjU6e3M6MTE6InNjcmVlbl9uYW1lIjtzOjc6InRlZGNydXoiO3M6NDoibmFtZSI7czo4OiJUZWQgQ3J1eiI7czoyOiJpZCI7aToyMzAyMjY4NztzOjY6ImlkX3N0ciI7czo4OiIyMzAyMjY4NyI7czo3OiJpbmRpY2VzIjthOjI6e2k6MDtpOjM7aToxO2k6MTE7fX19fQ==","2013-06-13 20:48:42","0.00000","0.00000","162114552","CalFreedomMom","CalFreedomMom","http://a0.twimg.com/profile_images/1588790538/IMG_1900_normal.JPG"
"345342011815108608","RT @shadihamid: Writing on Ahmadinejad's legacy, @rezaaslan turns the conventional wisdom on its head. A very interesting read: http://t.co…","Tzo4OiJzdGRDbGFzcyI6NDp7czo4OiJoYXNodGFncyI7YTowOnt9czo3OiJzeW1ib2xzIjthOjA6e31zOjQ6InVybHMiO2E6MDp7fXM6MTM6InVzZXJfbWVudGlvbnMiO2E6Mjp7aTowO086ODoic3RkQ2xhc3MiOjU6e3M6MTE6InNjcmVlbl9uYW1lIjtzOjEwOiJzaGFkaWhhbWlkIjtzOjQ6Im5hbWUiO3M6MTE6IlNoYWRpIEhhbWlkIjtzOjI6ImlkIjtpOjI0MTM2MTk4O3M6NjoiaWRfc3RyIjtzOjg6IjI0MTM2MTk4IjtzOjc6ImluZGljZXMiO2E6Mjp7aTowO2k6MztpOjE7aToxNDt9fWk6MTtPOjg6InN0ZENsYXNzIjo1OntzOjExOiJzY3JlZW5fbmFtZSI7czo5OiJyZXphYXNsYW4iO3M6NDoibmFtZSI7czoxMDoiUmV6YSBBc2xhbiI7czoyOiJpZCI7aToyNjI4NTY0NjA7czo2OiJpZF9zdHIiO3M6OToiMjYyODU2NDYwIjtzOjc6ImluZGljZXMiO2E6Mjp7aTowO2k6NDk7aToxO2k6NTk7fX19fQ==","2013-06-13 20:48:46","0.00000","0.00000","277152045","mainiac12345","Linda Gregory","http://a0.twimg.com/profile_images/1631936710/image_normal.jpg"
"345342015338336256","@Cachia_12 cuanto iran a cobrar!","Tzo4OiJzdGRDbGFzcyI6NDp7czo4OiJoYXNodGFncyI7YTowOnt9czo3OiJzeW1ib2xzIjthOjA6e31zOjQ6InVybHMiO2E6MDp7fXM6MTM6InVzZXJfbWVudGlvbnMiO2E6MTp7aTowO086ODoic3RkQ2xhc3MiOjU6e3M6MTE6InNjcmVlbl9uYW1lIjtzOjk6IkNhY2hpYV8xMiI7czo0OiJuYW1lIjtzOjEwOiLCoUxPQklUTyEgIjtzOjI6ImlkIjtpOjYyNTE1MjQxMDtzOjY6ImlkX3N0ciI7czo5OiI2MjUxNTI0MTAiO3M6NzoiaW5kaWNlcyI7YToyOntpOjA7aTowO2k6MTtpOjEwO319fX0=","2013-06-13 20:48:47","0.00000","0.00000","1021295389","EmerMolina_10","Emer","http://a0.twimg.com/profile_images/3721327020/1498aae384127eecbef0cf109cdd1121_normal.jpeg"
"345342027271122945","RT @ShirinSadeghi: BREAKING: US has formally announced it will be joining the war in #Syria just hours before voting begins in #Iranelectio…","Tzo4OiJzdGRDbGFzcyI6NDp7czo4OiJoYXNodGFncyI7YToyOntpOjA7Tzo4OiJzdGRDbGFzcyI6Mjp7czo0OiJ0ZXh0IjtzOjU6IlN5cmlhIjtzOjc6ImluZGljZXMiO2E6Mjp7aTowO2k6ODU7aToxO2k6OTE7fX1pOjE7Tzo4OiJzdGRDbGFzcyI6Mjp7czo0OiJ0ZXh0IjtzOjExOiJJcmFuZWxlY3RpbyI7czo3OiJpbmRpY2VzIjthOjI6e2k6MDtpOjEyNztpOjE7aToxMzk7fX19czo3OiJzeW1ib2xzIjthOjA6e31zOjQ6InVybHMiO2E6MDp7fXM6MTM6InVzZXJfbWVudGlvbnMiO2E6MTp7aTowO086ODoic3RkQ2xhc3MiOjU6e3M6MTE6InNjcmVlbl9uYW1lIjtzOjEzOiJTaGlyaW5TYWRlZ2hpIjtzOjQ6Im5hbWUiO3M6MTQ6IlNoaXJpbiBTYWRlZ2hpIjtzOjI6ImlkIjtpOjQ5OTg2NjIwO3M6NjoiaWRfc3RyIjtzOjg6IjQ5OTg2NjIwIjtzOjc6ImluZGljZXMiO2E6Mjp7aTowO2k6MztpOjE7aToxNzt9fX19","2013-06-13 20:48:50","0.00000","0.00000","612853727","EM__Sarah","Sarahpedia","http://a0.twimg.com/profile_images/3735861994/8a2d4fd0fd7e66ee4bb3991de28e2d57_normal.jpeg"
"345342027304685569","کامنت وارده در بالاترین: لیاقتت همون زندان بود، بیچاره! تو هم یه خائنی مثل بقیه!
#انتخابات #طعم لبت حسن","Tzo4OiJzdGRDbGFzcyI6NDp7czo4OiJoYXNodGFncyI7YToyOntpOjA7Tzo4OiJzdGRDbGFzcyI6Mjp7czo0OiJ0ZXh0IjtzOjE2OiLYp9mG2KrYrtin2KjYp9iqIjtzOjc6ImluZGljZXMiO2E6Mjp7aTowO2k6ODE7aToxO2k6OTA7fX1pOjE7Tzo4OiJzdGRDbGFzcyI6Mjp7czo0OiJ0ZXh0IjtzOjY6Iti32LnZhSI7czo3OiJpbmRpY2VzIjthOjI6e2k6MDtpOjkxO2k6MTtpOjk1O319fXM6Nzoic3ltYm9scyI7YTowOnt9czo0OiJ1cmxzIjthOjA6e31zOjEzOiJ1c2VyX21lbnRpb25zIjthOjA6e319","2013-06-13 20:48:50","0.00000","0.00000","60391367","Koohyar","Kouhyar Goudarzi","http://a0.twimg.com/profile_images/3698614066/69ee2db69014306e407c951c616acec8_normal.jpeg"
"345342028395188224","RT @SHAHRIAR: @Mwforhr @GreatPersiamap Me too, as infuriating as it was to watch a thug oppose free #Iran. Russian propaganda vs Reason = W…","Tzo4OiJzdGRDbGFzcyI6NDp7czo4OiJoYXNodGFncyI7YToxOntpOjA7Tzo4OiJzdGRDbGFzcyI6Mjp7czo0OiJ0ZXh0IjtzOjQ6IklyYW4iO3M6NzoiaW5kaWNlcyI7YToyOntpOjA7aToxMDA7aToxO2k6MTA1O319fXM6Nzoic3ltYm9scyI7YTowOnt9czo0OiJ1cmxzIjthOjA6e31zOjEzOiJ1c2VyX21lbnRpb25zIjthOjM6e2k6MDtPOjg6InN0ZENsYXNzIjo1OntzOjExOiJzY3JlZW5fbmFtZSI7czo4OiJTSEFIUklBUiI7czo0OiJuYW1lIjtzOjg6IlNoYWhyaWFyIjtzOjI6ImlkIjtpOjk2MDA1MzI7czo2OiJpZF9zdHIiO3M6NzoiOTYwMDUzMiI7czo3OiJpbmRpY2VzIjthOjI6e2k6MDtpOjM7aToxO2k6MTI7fX1pOjE7Tzo4OiJzdGRDbGFzcyI6NTp7czoxMToic2NyZWVuX25hbWUiO3M6NzoiTXdmb3JociI7czo0OiJuYW1lIjtzOjg6Ik1hcmlhbm5lIjtzOjI6ImlkIjtpOjIyODE5MzUxO3M6NjoiaWRfc3RyIjtzOjg6IjIyODE5MzUxIjtzOjc6ImluZGljZXMiO2E6Mjp7aTowO2k6MTQ7aToxO2k6MjI7fX1pOjI7Tzo4OiJzdGRDbGFzcyI6NTp7czoxMToic2NyZWVuX25hbWUiO3M6MTQ6IkdyZWF0UGVyc2lhbWFwIjtzOjQ6Im5hbWUiO3M6NzoiZnJlZWRvbSI7czoyOiJpZCI7aTo5NjQ0MTgzMDtzOjY6ImlkX3N0ciI7czo4OiI5NjQ0MTgzMCI7czo3OiJpbmRpY2VzIjthOjI6e2k6MDtpOjIzO2k6MTtpOjM4O319fX0=","2013-06-13 20:48:50","0.00000","0.00000","22819351","Mwforhr","Marianne","http://a0.twimg.com/profile_images/3624383781/ee3a66dcc9f5b3e45315d2e4d269c11c_normal.jpeg"
"345342058178936832","BBC condemns Iran over 'harassment' ahead of elections http://t.co/lId1jaXHB8","Tzo4OiJzdGRDbGFzcyI6NDp7czo4OiJoYXNodGFncyI7YTowOnt9czo3OiJzeW1ib2xzIjthOjA6e31zOjQ6InVybHMiO2E6MTp7aTowO086ODoic3RkQ2xhc3MiOjQ6e3M6MzoidXJsIjtzOjIyOiJodHRwOi8vdC5jby9sSWQxamFYSEI4IjtzOjEyOiJleHBhbmRlZF91cmwiO3M6NTI6Imh0dHA6Ly93d3cuYmJjLmNvLnVrL25ld3Mvd29ybGQtbWlkZGxlLWVhc3QtMjI4OTY0OTIiO3M6MTE6ImRpc3BsYXlfdXJsIjtzOjI3OiJiYmMuY28udWsvbmV3cy93b3JsZC1taWTigKYiO3M6NzoiaW5kaWNlcyI7YToyOntpOjA7aTo1NTtpOjE7aTo3Nzt9fX1zOjEzOiJ1c2VyX21lbnRpb25zIjthOjA6e319","2013-06-13 20:48:57","0.00000","0.00000","375955193","KennethGeers","Kenneth Geers","http://a0.twimg.com/profile_images/3322051793/a593b658eed4794cd3623f88f635e4b6_normal.jpeg"
"345342087392288768","Jumatan brrti bariki RT @RisqyEmen Ndk Iran malah awan saiki lik RT @ignatiusraka: Selamat Malam Irak","Tzo4OiJzdGRDbGFzcyI6NDp7czo4OiJoYXNodGFncyI7YTowOnt9czo3OiJzeW1ib2xzIjthOjA6e31zOjQ6InVybHMiO2E6MDp7fXM6MTM6InVzZXJfbWVudGlvbnMiO2E6Mjp7aTowO086ODoic3RkQ2xhc3MiOjU6e3M6MTE6InNjcmVlbl9uYW1lIjtzOjk6IlJpc3F5RW1lbiI7czo0OiJuYW1lIjtzOjE5OiJyaXNxeWFudWdyYWhwdWppYW1hIjtzOjI6ImlkIjtpOjQ2NTIyODE3MjtzOjY6ImlkX3N0ciI7czo5OiI0NjUyMjgxNzIiO3M6NzoiaW5kaWNlcyI7YToyOntpOjA7aToyNDtpOjE7aTozNDt9fWk6MTtPOjg6InN0ZENsYXNzIjo1OntzOjExOiJzY3JlZW5fbmFtZSI7czoxMjoiaWduYXRpdXNyYWthIjtzOjQ6Im5hbWUiO3M6MTM6IklnbmF0aXVzIFJha2EiO3M6MjoiaWQiO2k6NzAzMDE4MjQ7czo2OiJpZF9zdHIiO3M6ODoiNzAzMDE4MjQiO3M6NzoiaW5kaWNlcyI7YToyOntpOjA7aTo2ODtpOjE7aTo4MTt9fX19","2013-06-13 20:49:04","0.00000","0.00000","70301824","ignatiusraka","Ignatius Raka","http://a0.twimg.com/profile_images/344513261567556782/d11d010fd5d9b0735a6d2b7f4f449151_normal.jpeg"
"345342089166475264","Iran vote could bring change of style, perhaps not substance http://t.co/u5gGhxiFnM","Tzo4OiJzdGRDbGFzcyI6NDp7czo4OiJoYXNodGFncyI7YTowOnt9czo3OiJzeW1ib2xzIjthOjA6e31zOjQ6InVybHMiO2E6MTp7aTowO086ODoic3RkQ2xhc3MiOjQ6e3M6MzoidXJsIjtzOjIyOiJodHRwOi8vdC5jby91NWdHaHhpRm5NIjtzOjEyOiJleHBhbmRlZF91cmwiO3M6MjE6Imh0dHA6Ly9kbHZyLml0LzNXTVY5MyI7czoxMToiZGlzcGxheV91cmwiO3M6MTQ6ImRsdnIuaXQvM1dNVjkzIjtzOjc6ImluZGljZXMiO2E6Mjp7aTowO2k6NjE7aToxO2k6ODM7fX19czoxMzoidXNlcl9tZW50aW9ucyI7YTowOnt9fQ==","2013-06-13 20:49:04","0.00000","0.00000","256495314","firstpostin","Firstpost","http://a0.twimg.com/profile_images/1342410355/ProfileImage_Transparent-01-01_normal.png"
"345342101552238592","RT @gdfilive: Supporters at Rohani's rally in Shiraz chanting name of opposition leader Mousavi  @GEsfandiari @Vahid #Iranelection http://t…","Tzo4OiJzdGRDbGFzcyI6NDp7czo4OiJoYXNodGFncyI7YToxOntpOjA7Tzo4OiJzdGRDbGFzcyI6Mjp7czo0OiJ0ZXh0IjtzOjEyOiJJcmFuZWxlY3Rpb24iO3M6NzoiaW5kaWNlcyI7YToyOntpOjA7aToxMTc7aToxO2k6MTMwO319fXM6Nzoic3ltYm9scyI7YTowOnt9czo0OiJ1cmxzIjthOjA6e31zOjEzOiJ1c2VyX21lbnRpb25zIjthOjM6e2k6MDtPOjg6InN0ZENsYXNzIjo1OntzOjExOiJzY3JlZW5fbmFtZSI7czo4OiJnZGZpbGl2ZSI7czo0OiJuYW1lIjtzOjE5OiJUaGUgR2xvYmFsIERpYWxvZ3VlIjtzOjI6ImlkIjtpOjEzOTI0MjQ5NDA7czo2OiJpZF9zdHIiO3M6MTA6IjEzOTI0MjQ5NDAiO3M6NzoiaW5kaWNlcyI7YToyOntpOjA7aTozO2k6MTtpOjEyO319aToxO086ODoic3RkQ2xhc3MiOjU6e3M6MTE6InNjcmVlbl9uYW1lIjtzOjExOiJHRXNmYW5kaWFyaSI7czo0OiJuYW1lIjtzOjE3OiJHb2xuYXogRXNmYW5kaWFyaSI7czoyOiJpZCI7aToyOTAxNjU0ODtzOjY6ImlkX3N0ciI7czo4OiIyOTAxNjU0OCI7czo3OiJpbmRpY2VzIjthOjI6e2k6MDtpOjk3O2k6MTtpOjEwOTt9fWk6MjtPOjg6InN0ZENsYXNzIjo1OntzOjExOiJzY3JlZW5fbmFtZSI7czo1OiJWYWhpZCI7czo0OiJuYW1lIjtzOjEyOiJWYWhpZCBPbmxpbmUiO3M6MjoiaWQiO2k6NDc4MjU1MTtzOjY6ImlkX3N0ciI7czo3OiI0NzgyNTUxIjtzOjc6ImluZGljZXMiO2E6Mjp7aTowO2k6MTEwO2k6MTtpOjExNjt9fX19","2013-06-13 20:49:07","0.00000","0.00000","30324781","MoEttehadieh","Mo Ettehadieh PEng","http://a0.twimg.com/profile_images/3346062777/50596e771273111ec5a2582de86f161b_normal.jpeg"
"345342107482996736","RT @Iran_Evolution: RT @pmsxa: #Iran Rejects #Russia’s S-300 Substitute Offer http://t.co/QCmVrYXq15 #Defense: #Iran Rejects #Russia’s S-30…","Tzo4OiJzdGRDbGFzcyI6NDp7czo4OiJoYXNodGFncyI7YTo1OntpOjA7Tzo4OiJzdGRDbGFzcyI6Mjp7czo0OiJ0ZXh0IjtzOjQ6IklyYW4iO3M6NzoiaW5kaWNlcyI7YToyOntpOjA7aTozMTtpOjE7aTozNjt9fWk6MTtPOjg6InN0ZENsYXNzIjoyOntzOjQ6InRleHQiO3M6NjoiUnVzc2lhIjtzOjc6ImluZGljZXMiO2E6Mjp7aTowO2k6NDU7aToxO2k6NTI7fX1pOjI7Tzo4OiJzdGRDbGFzcyI6Mjp7czo0OiJ0ZXh0IjtzOjc6IkRlZmVuc2UiO3M6NzoiaW5kaWNlcyI7YToyOntpOjA7aToxMDE7aToxO2k6MTA5O319aTozO086ODoic3RkQ2xhc3MiOjI6e3M6NDoidGV4dCI7czo0OiJJcmFuIjtzOjc6ImluZGljZXMiO2E6Mjp7aTowO2k6MTExO2k6MTtpOjExNjt9fWk6NDtPOjg6InN0ZENsYXNzIjoyOntzOjQ6InRleHQiO3M6NjoiUnVzc2lhIjtzOjc6ImluZGljZXMiO2E6Mjp7aTowO2k6MTI1O2k6MTtpOjEzMjt9fX1zOjc6InN5bWJvbHMiO2E6MDp7fXM6NDoidXJscyI7YToxOntpOjA7Tzo4OiJzdGRDbGFzcyI6NDp7czozOiJ1cmwiO3M6MjI6Imh0dHA6Ly90LmNvL1FDbVZyWVhxMTUiO3M6MTI6ImV4cGFuZGVkX3VybCI7czo5MToiaHR0cDovL2VuLnJpYW4ucnUvd29ybGQvMjAxMzA2MTAvMTgxNTk4MTg2L0lyYW4tUmVqZWN0cy1SdXNzaWFzLVMtMzAwLVN1YnN0aXR1dGUtT2ZmZXIuaHRtbCI7czoxMToiZGlzcGxheV91cmwiO3M6Mjg6ImVuLnJpYW4ucnUvd29ybGQvMjAxMzA2MTDigKYiO3M6NzoiaW5kaWNlcyI7YToyOntpOjA7aTo3ODtpOjE7aToxMDA7fX19czoxMzoidXNlcl9tZW50aW9ucyI7YToyOntpOjA7Tzo4OiJzdGRDbGFzcyI6NTp7czoxMToic2NyZWVuX25hbWUiO3M6MTQ6IklyYW5fRXZvbHV0aW9uIjtzOjQ6Im5hbWUiO3M6NDoiSXJhbiI7czoyOiJpZCI7aTo0ODM3NjMyMztzOjY6ImlkX3N0ciI7czo4OiI0ODM3NjMyMyI7czo3OiJpbmRpY2VzIjthOjI6e2k6MDtpOjM7aToxO2k6MTg7fX1pOjE7Tzo4OiJzdGRDbGFzcyI6NTp7czoxMToic2NyZWVuX25hbWUiO3M6NToicG1zeGEiO3M6NDoibmFtZSI7czoxMToiUGVkcm8gQWJyZXUiO3M6MjoiaWQiO2k6MTA4MjY1MjE4O3M6NjoiaWRfc3RyIjtzOjk6IjEwODI2NTIxOCI7czo3OiJpbmRpY2VzIjthOjI6e2k6MDtpOjIzO2k6MTtpOjI5O319fX0=","2013-06-13 20:49:09","0.00000","0.00000","17712142","GENUG","GENUG","http://a0.twimg.com/profile_images/3143285679/20f5d045571648bf12f62ce113af576d_normal.png"
"345342142350233604","Ya no Iran ☹/","Tzo4OiJzdGRDbGFzcyI6NDp7czo4OiJoYXNodGFncyI7YTowOnt9czo3OiJzeW1ib2xzIjthOjA6e31zOjQ6InVybHMiO2E6MDp7fXM6MTM6InVzZXJfbWVudGlvbnMiO2E6MDp7fX0=","2013-06-13 20:49:17","0.00000","0.00000","1244690197","laaMonney","Fatima M.♡","http://a0.twimg.com/profile_images/344513261566091709/d6700d3720d52707b3059d619b14dad9_normal.jpeg"
"345342145051385856","اينكه هنوز دخدراي تايم لاين نگفتن واسه انتخابات چي بپوشم؟ خيلي ارزشمنده","Tzo4OiJzdGRDbGFzcyI6NDp7czo4OiJoYXNodGFncyI7YTowOnt9czo3OiJzeW1ib2xzIjthOjA6e31zOjQ6InVybHMiO2E6MDp7fXM6MTM6InVzZXJfbWVudGlvbnMiO2E6MDp7fX0=","2013-06-13 20:49:18","0.00000","0.00000","796129070","_the_LuCifer","Blue Black","http://a0.twimg.com/profile_images/3733934755/cd2c88723c827f7a888fb4b91bcc6b42_normal.jpeg"
"345342172482121730","RT @Vahid: یک عده از «شاهدان عینی» که پیش از این «منابع موثق» بودند این روزها دکون «نهادهای معتر» باز کردند از آخرین نتایج نظرسنجی خبر می‌د…","Tzo4OiJzdGRDbGFzcyI6NDp7czo4OiJoYXNodGFncyI7YTowOnt9czo3OiJzeW1ib2xzIjthOjA6e31zOjQ6InVybHMiO2E6MDp7fXM6MTM6InVzZXJfbWVudGlvbnMiO2E6MTp7aTowO086ODoic3RkQ2xhc3MiOjU6e3M6MTE6InNjcmVlbl9uYW1lIjtzOjU6IlZhaGlkIjtzOjQ6Im5hbWUiO3M6MTI6IlZhaGlkIE9ubGluZSI7czoyOiJpZCI7aTo0NzgyNTUxO3M6NjoiaWRfc3RyIjtzOjc6IjQ3ODI1NTEiO3M6NzoiaW5kaWNlcyI7YToyOntpOjA7aTozO2k6MTtpOjk7fX19fQ==","2013-06-13 20:49:24","0.00000","0.00000","1090386402","shabavizz","Shabaviz","http://a0.twimg.com/profile_images/3109865842/17e5961034f6cebcbb7b2b1a5c2982d5_normal.jpeg"
"345342179167846400","U2 message for Iran - پیام یو۲ برای ایران http://t.co/wbo4Q1hEnn","Tzo4OiJzdGRDbGFzcyI6NDp7czo4OiJoYXNodGFncyI7YTowOnt9czo3OiJzeW1ib2xzIjthOjA6e31zOjQ6InVybHMiO2E6MTp7aTowO086ODoic3RkQ2xhc3MiOjQ6e3M6MzoidXJsIjtzOjIyOiJodHRwOi8vdC5jby93Ym80UTFoRW5uIjtzOjEyOiJleHBhbmRlZF91cmwiO3M6NDk6Imh0dHA6Ly93d3cueW91dHViZS5jb20vd2F0Y2g/dj1FVTNSaGhWakMwOCZzbnM9dHciO3M6MTE6ImRpc3BsYXlfdXJsIjtzOjI5OiJ5b3V0dWJlLmNvbS93YXRjaD92PUVVM1JoaOKApiI7czo3OiJpbmRpY2VzIjthOjI6e2k6MDtpOjQyO2k6MTtpOjY0O319fXM6MTM6InVzZXJfbWVudGlvbnMiO2E6MDp7fX0=","2013-06-13 20:49:26","0.00000","0.00000","1390960045","AAFarahani","Ali A Farahani","http://a0.twimg.com/profile_images/3593779633/21577e604b4b330589ee54f0566a685c_normal.jpeg"
"345342192149200896","World War 3 Has Already Begun #ww3 #US #Iran #Syria #Israel #Russia #China #Lebanon #DPRK #NATO  http://t.co/eB25Fh148P","Tzo4OiJzdGRDbGFzcyI6NDp7czo4OiJoYXNodGFncyI7YToxMDp7aTowO086ODoic3RkQ2xhc3MiOjI6e3M6NDoidGV4dCI7czozOiJ3dzMiO3M6NzoiaW5kaWNlcyI7YToyOntpOjA7aTozMDtpOjE7aTozNDt9fWk6MTtPOjg6InN0ZENsYXNzIjoyOntzOjQ6InRleHQiO3M6MjoiVVMiO3M6NzoiaW5kaWNlcyI7YToyOntpOjA7aTozNTtpOjE7aTozODt9fWk6MjtPOjg6InN0ZENsYXNzIjoyOntzOjQ6InRleHQiO3M6NDoiSXJhbiI7czo3OiJpbmRpY2VzIjthOjI6e2k6MDtpOjM5O2k6MTtpOjQ0O319aTozO086ODoic3RkQ2xhc3MiOjI6e3M6NDoidGV4dCI7czo1OiJTeXJpYSI7czo3OiJpbmRpY2VzIjthOjI6e2k6MDtpOjQ1O2k6MTtpOjUxO319aTo0O086ODoic3RkQ2xhc3MiOjI6e3M6NDoidGV4dCI7czo2OiJJc3JhZWwiO3M6NzoiaW5kaWNlcyI7YToyOntpOjA7aTo1MjtpOjE7aTo1OTt9fWk6NTtPOjg6InN0ZENsYXNzIjoyOntzOjQ6InRleHQiO3M6NjoiUnVzc2lhIjtzOjc6ImluZGljZXMiO2E6Mjp7aTowO2k6NjA7aToxO2k6Njc7fX1pOjY7Tzo4OiJzdGRDbGFzcyI6Mjp7czo0OiJ0ZXh0IjtzOjU6IkNoaW5hIjtzOjc6ImluZGljZXMiO2E6Mjp7aTowO2k6Njg7aToxO2k6NzQ7fX1pOjc7Tzo4OiJzdGRDbGFzcyI6Mjp7czo0OiJ0ZXh0IjtzOjc6IkxlYmFub24iO3M6NzoiaW5kaWNlcyI7YToyOntpOjA7aTo3NTtpOjE7aTo4Mzt9fWk6ODtPOjg6InN0ZENsYXNzIjoyOntzOjQ6InRleHQiO3M6NDoiRFBSSyI7czo3OiJpbmRpY2VzIjthOjI6e2k6MDtpOjg0O2k6MTtpOjg5O319aTo5O086ODoic3RkQ2xhc3MiOjI6e3M6NDoidGV4dCI7czo0OiJOQVRPIjtzOjc6ImluZGljZXMiO2E6Mjp7aTowO2k6OTA7aToxO2k6OTU7fX19czo3OiJzeW1ib2xzIjthOjA6e31zOjQ6InVybHMiO2E6MTp7aTowO086ODoic3RkQ2xhc3MiOjQ6e3M6MzoidXJsIjtzOjIyOiJodHRwOi8vdC5jby9lQjI1RmgxNDhQIjtzOjEyOiJleHBhbmRlZF91cmwiO3M6Mjc6Imh0dHA6Ly95b3V0dS5iZS84Wks1Z1JMSjloMCI7czoxMToiZGlzcGxheV91cmwiO3M6MjA6InlvdXR1LmJlLzhaSzVnUkxKOWgwIjtzOjc6ImluZGljZXMiO2E6Mjp7aTowO2k6OTc7aToxO2k6MTE5O319fXM6MTM6InVzZXJfbWVudGlvbnMiO2E6MDp7fX0=","2013-06-13 20:49:29","0.00000","0.00000","77842041","Kathrynjustice0","Kathryn Justice","http://a0.twimg.com/profile_images/2231130040/image_normal.jpg"
"345342198537134080","RT @DanielTavana: ""Ya Hossein, Mir-Hossein"" chants at Rouhani rally in Kerman on Wednesday: http://t.co/TmH84mFvKj #Iran","Tzo4OiJzdGRDbGFzcyI6NDp7czo4OiJoYXNodGFncyI7YToxOntpOjA7Tzo4OiJzdGRDbGFzcyI6Mjp7czo0OiJ0ZXh0IjtzOjQ6IklyYW4iO3M6NzoiaW5kaWNlcyI7YToyOntpOjA7aToxMTU7aToxO2k6MTIwO319fXM6Nzoic3ltYm9scyI7YTowOnt9czo0OiJ1cmxzIjthOjE6e2k6MDtPOjg6InN0ZENsYXNzIjo0OntzOjM6InVybCI7czoyMjoiaHR0cDovL3QuY28vVG1IODRtRnZLaiI7czoxMjoiZXhwYW5kZWRfdXJsIjtzOjEwMToiaHR0cDovL20uZmFjZWJvb2suY29tL2wucGhwP3U9aHR0cHMlM0ElMkYlMkZ3d3cueW91dHViZS5jb20lMkZ3YXRjaCUzRnYlM0R2QUZyanktcVQ2NCZoPURBUUZOeGZDRiZzPTEiO3M6MTE6ImRpc3BsYXlfdXJsIjtzOjMyOiJtLmZhY2Vib29rLmNvbS9sLnBocD91PWh0dHBzJeKApiI7czo3OiJpbmRpY2VzIjthOjI6e2k6MDtpOjkyO2k6MTtpOjExNDt9fX1zOjEzOiJ1c2VyX21lbnRpb25zIjthOjE6e2k6MDtPOjg6InN0ZENsYXNzIjo1OntzOjExOiJzY3JlZW5fbmFtZSI7czoxMjoiRGFuaWVsVGF2YW5hIjtzOjQ6Im5hbWUiO3M6MTM6IkRhbmllbCBUYXZhbmEiO3M6MjoiaWQiO2k6NTc2NTU5ODA1O3M6NjoiaWRfc3RyIjtzOjk6IjU3NjU1OTgwNSI7czo3OiJpbmRpY2VzIjthOjI6e2k6MDtpOjM7aToxO2k6MTY7fX19fQ==","2013-06-13 20:49:30","0.00000","0.00000","558903596","RezRezart","rez","http://a0.twimg.com/profile_images/2773410682/9eacfd6375802476e5dea8a6b49105be_normal.jpeg"
"345342212537712642","RT @_the_LuCifer: اينكه هنوز دخدراي تايم لاين نگفتن واسه انتخابات چي بپوشم؟ خيلي ارزشمنده","Tzo4OiJzdGRDbGFzcyI6NDp7czo4OiJoYXNodGFncyI7YTowOnt9czo3OiJzeW1ib2xzIjthOjA6e31zOjQ6InVybHMiO2E6MDp7fXM6MTM6InVzZXJfbWVudGlvbnMiO2E6MTp7aTowO086ODoic3RkQ2xhc3MiOjU6e3M6MTE6InNjcmVlbl9uYW1lIjtzOjEyOiJfdGhlX0x1Q2lmZXIiO3M6NDoibmFtZSI7czoxMDoiQmx1ZSBCbGFjayI7czoyOiJpZCI7aTo3OTYxMjkwNzA7czo2OiJpZF9zdHIiO3M6OToiNzk2MTI5MDcwIjtzOjc6ImluZGljZXMiO2E6Mjp7aTowO2k6MztpOjE7aToxNjt9fX19","2013-06-13 20:49:34","0.00000","0.00000","458333453","Paris23_","پاريس","http://a0.twimg.com/profile_images/3704598871/b296e7e7fcb8ebb904cad92a7316e6ee_normal.jpeg"
"345342223082213378","Lisa Daftar @ Fox News on election polls in the U.S: http://t.co/IOloE7McuX","Tzo4OiJzdGRDbGFzcyI6NDp7czo4OiJoYXNodGFncyI7YTowOnt9czo3OiJzeW1ib2xzIjthOjA6e31zOjQ6InVybHMiO2E6MTp7aTowO086ODoic3RkQ2xhc3MiOjQ6e3M6MzoidXJsIjtzOjIyOiJodHRwOi8vdC5jby9JT2xvRTdNY3VYIjtzOjEyOiJleHBhbmRlZF91cmwiO3M6MTE5OiJodHRwOi8vd3d3LmZveG5ld3MuY29tL3dvcmxkLzIwMTMvMDYvMTMvaXJhbi1zZXR0aW5nLXVwLXBvbGxpbmctc3RhdGlvbnMtaW4tdXMtY2l0aWVzLWZvci1mcmlkYXktcHJlc2lkZW50aWFsLWVsZWN0aW9uLyI7czoxMToiZGlzcGxheV91cmwiO3M6Mjk6ImZveG5ld3MuY29tL3dvcmxkLzIwMTMvMDYv4oCmIjtzOjc6ImluZGljZXMiO2E6Mjp7aTowO2k6NTM7aToxO2k6NzU7fX19czoxMzoidXNlcl9tZW50aW9ucyI7YTowOnt9fQ==","2013-06-13 20:49:36","0.00000","0.00000","165382079","SororIrani","Mansoureh (Soroor)","http://a0.twimg.com/profile_images/2299188572/57z8p6lvkk6j50epb9vo_normal.jpeg"
"345342223879114752","Syria is Iran’s Stalingrad https://t.co/2kBmQPahYt","Tzo4OiJzdGRDbGFzcyI6NDp7czo4OiJoYXNodGFncyI7YTowOnt9czo3OiJzeW1ib2xzIjthOjA6e31zOjQ6InVybHMiO2E6MTp7aTowO086ODoic3RkQ2xhc3MiOjQ6e3M6MzoidXJsIjtzOjIzOiJodHRwczovL3QuY28vMmtCbVFQYWhZdCI7czoxMjoiZXhwYW5kZWRfdXJsIjtzOjYwOiJodHRwczovL3d3dy5mcHJpLm9yZy9hcnRpY2xlcy8yMDEzLzA2L3N5cmlhLWlyYW5zLXN0YWxpbmdyYWQiO3M6MTE6ImRpc3BsYXlfdXJsIjtzOjI2OiJmcHJpLm9yZy9hcnRpY2xlcy8yMDEzL+KApiI7czo3OiJpbmRpY2VzIjthOjI6e2k6MDtpOjI3O2k6MTtpOjUwO319fXM6MTM6InVzZXJfbWVudGlvbnMiO2E6MDp7fX0=","2013-06-13 20:49:36","0.00000","0.00000","32403983","blackhawkinc","Ziad Abdelnour","http://a0.twimg.com/profile_images/2373957654/sx0sco51dvko5j4c32b5_normal.jpeg"
"345342238005530624","#Iranians should vote 4 Khamenei's least favorite candidate, for small battles over time big results bring. THIS IS WAR. #iranelection #iran","Tzo4OiJzdGRDbGFzcyI6NDp7czo4OiJoYXNodGFncyI7YTozOntpOjA7Tzo4OiJzdGRDbGFzcyI6Mjp7czo0OiJ0ZXh0IjtzOjg6IklyYW5pYW5zIjtzOjc6ImluZGljZXMiO2E6Mjp7aTowO2k6MDtpOjE7aTo5O319aToxO086ODoic3RkQ2xhc3MiOjI6e3M6NDoidGV4dCI7czoxMjoiaXJhbmVsZWN0aW9uIjtzOjc6ImluZGljZXMiO2E6Mjp7aTowO2k6MTIxO2k6MTtpOjEzNDt9fWk6MjtPOjg6InN0ZENsYXNzIjoyOntzOjQ6InRleHQiO3M6NDoiaXJhbiI7czo3OiJpbmRpY2VzIjthOjI6e2k6MDtpOjEzNTtpOjE7aToxNDA7fX19czo3OiJzeW1ib2xzIjthOjA6e31zOjQ6InVybHMiO2E6MDp7fXM6MTM6InVzZXJfbWVudGlvbnMiO2E6MDp7fX0=","2013-06-13 20:49:40","0.00000","0.00000","1491724566","IranAnalytic","Iran Analytic","http://a0.twimg.com/profile_images/344513261575378915/f15875c7790ce942ca1e87f3279da137_normal.jpeg"
"345342242443108352","RT @Koohyar: من رای نمی‌دم فقط سرنگونی!
اینقدری که اینا راحت میگن سرنگونی گوینده اخبار در باب یک دستگاه خاور در جاده بم زاهدان نمی‌گه
#انتخ…","Tzo4OiJzdGRDbGFzcyI6NDp7czo4OiJoYXNodGFncyI7YToxOntpOjA7Tzo4OiJzdGRDbGFzcyI6Mjp7czo0OiJ0ZXh0IjtzOjg6Itin2YbYqtiuIjtzOjc6ImluZGljZXMiO2E6Mjp7aTowO2k6MTM0O2k6MTtpOjEzOTt9fX1zOjc6InN5bWJvbHMiO2E6MDp7fXM6NDoidXJscyI7YTowOnt9czoxMzoidXNlcl9tZW50aW9ucyI7YToxOntpOjA7Tzo4OiJzdGRDbGFzcyI6NTp7czoxMToic2NyZWVuX25hbWUiO3M6NzoiS29vaHlhciI7czo0OiJuYW1lIjtzOjE2OiJLb3VoeWFyIEdvdWRhcnppIjtzOjI6ImlkIjtpOjYwMzkxMzY3O3M6NjoiaWRfc3RyIjtzOjg6IjYwMzkxMzY3IjtzOjc6ImluZGljZXMiO2E6Mjp7aTowO2k6MztpOjE7aToxMTt9fX19","2013-06-13 20:49:41","0.00000","0.00000","4782551","Vahid","Vahid Online","http://a0.twimg.com/profile_images/2255630555/Vahid_normal.jpg"
"345342252517834755","Americans have exactly ZERO standing to complain about foreign hacking when their govt attacks China and Iran #StuxnetVirus","Tzo4OiJzdGRDbGFzcyI6NDp7czo4OiJoYXNodGFncyI7YToxOntpOjA7Tzo4OiJzdGRDbGFzcyI6Mjp7czo0OiJ0ZXh0IjtzOjEyOiJTdHV4bmV0VmlydXMiO3M6NzoiaW5kaWNlcyI7YToyOntpOjA7aToxMTA7aToxO2k6MTIzO319fXM6Nzoic3ltYm9scyI7YTowOnt9czo0OiJ1cmxzIjthOjA6e31zOjEzOiJ1c2VyX21lbnRpb25zIjthOjA6e319","2013-06-13 20:49:43","0.00000","0.00000","604738936","renegadesoffun","derek ellerman","http://a0.twimg.com/profile_images/2332738222/4zflgmowf7rlt32m9cdg_normal.jpeg"
"345342255122509824","Iran vote could bring change of style, perhaps not substance http://t.co/kASYpQ0noO","Tzo4OiJzdGRDbGFzcyI6NDp7czo4OiJoYXNodGFncyI7YTowOnt9czo3OiJzeW1ib2xzIjthOjA6e31zOjQ6InVybHMiO2E6MTp7aTowO086ODoic3RkQ2xhc3MiOjQ6e3M6MzoidXJsIjtzOjIyOiJodHRwOi8vdC5jby9rQVNZcFEwbm9PIjtzOjEyOiJleHBhbmRlZF91cmwiO3M6MjA6Imh0dHA6Ly9iaXQubHkvWk4yOGZvIjtzOjExOiJkaXNwbGF5X3VybCI7czoxMzoiYml0Lmx5L1pOMjhmbyI7czo3OiJpbmRpY2VzIjthOjI6e2k6MDtpOjYxO2k6MTtpOjgzO319fXM6MTM6InVzZXJfbWVudGlvbnMiO2E6MDp7fX0=","2013-06-13 20:49:44","0.00000","0.00000","88889613","N_H_Asia","NewsHitterTeam","http://a0.twimg.com/profile_images/519325638/NewsHitter_Twitter_normal.jpg"
"345342257932668928","#BREAKINGNEWS The #US will be supporting the #FSA militarily. All this for #Iran's oil economy. - http://t.co/sxRyxtmxzw","Tzo4OiJzdGRDbGFzcyI6NDp7czo4OiJoYXNodGFncyI7YTo0OntpOjA7Tzo4OiJzdGRDbGFzcyI6Mjp7czo0OiJ0ZXh0IjtzOjEyOiJCUkVBS0lOR05FV1MiO3M6NzoiaW5kaWNlcyI7YToyOntpOjA7aTowO2k6MTtpOjEzO319aToxO086ODoic3RkQ2xhc3MiOjI6e3M6NDoidGV4dCI7czoyOiJVUyI7czo3OiJpbmRpY2VzIjthOjI6e2k6MDtpOjE4O2k6MTtpOjIxO319aToyO086ODoic3RkQ2xhc3MiOjI6e3M6NDoidGV4dCI7czozOiJGU0EiO3M6NzoiaW5kaWNlcyI7YToyOntpOjA7aTo0NTtpOjE7aTo0OTt9fWk6MztPOjg6InN0ZENsYXNzIjoyOntzOjQ6InRleHQiO3M6NDoiSXJhbiI7czo3OiJpbmRpY2VzIjthOjI6e2k6MDtpOjc1O2k6MTtpOjgwO319fXM6Nzoic3ltYm9scyI7YTowOnt9czo0OiJ1cmxzIjthOjE6e2k6MDtPOjg6InN0ZENsYXNzIjo0OntzOjM6InVybCI7czoyMjoiaHR0cDovL3QuY28vc3hSeXh0bXh6dyI7czoxMjoiZXhwYW5kZWRfdXJsIjtzOjU2OiJodHRwOi8vcnQuY29tL25ld3MvdXMtY2xhaW1zLWFzc2FkLWNoZW1pY2FsLXdlYXBvbnMtNjcxLyI7czoxMToiZGlzcGxheV91cmwiO3M6MjQ6InJ0LmNvbS9uZXdzL3VzLWNsYWltc+KApiI7czo3OiJpbmRpY2VzIjthOjI6e2k6MDtpOjk4O2k6MTtpOjEyMDt9fX1zOjEzOiJ1c2VyX21lbnRpb25zIjthOjA6e319","2013-06-13 20:49:45","0.00000","0.00000","76725048","TuneInfinity","Kamz","http://a0.twimg.com/profile_images/3647173146/4aa694c8b05712324a1e79a40f39c0aa_normal.jpeg"
"345342268149993473","Preview: Iran election offers choice, but little change http://t.co/vkQ8QlcP2h vía @reuters","Tzo4OiJzdGRDbGFzcyI6NDp7czo4OiJoYXNodGFncyI7YTowOnt9czo3OiJzeW1ib2xzIjthOjA6e31zOjQ6InVybHMiO2E6MTp7aTowO086ODoic3RkQ2xhc3MiOjQ6e3M6MzoidXJsIjtzOjIyOiJodHRwOi8vdC5jby92a1E4UWxjUDJoIjtzOjEyOiJleHBhbmRlZF91cmwiO3M6MjI6Imh0dHA6Ly9yZXV0LnJzLzE5M3ROZUkiO3M6MTE6ImRpc3BsYXlfdXJsIjtzOjE1OiJyZXV0LnJzLzE5M3ROZUkiO3M6NzoiaW5kaWNlcyI7YToyOntpOjA7aTo1NjtpOjE7aTo3ODt9fX1zOjEzOiJ1c2VyX21lbnRpb25zIjthOjE6e2k6MDtPOjg6InN0ZENsYXNzIjo1OntzOjExOiJzY3JlZW5fbmFtZSI7czo3OiJSZXV0ZXJzIjtzOjQ6Im5hbWUiO3M6MTY6IlJldXRlcnMgVG9wIE5ld3MiO3M6MjoiaWQiO2k6MTY1MjU0MTtzOjY6ImlkX3N0ciI7czo3OiIxNjUyNTQxIjtzOjc6ImluZGljZXMiO2E6Mjp7aTowO2k6ODM7aToxO2k6OTE7fX19fQ==","2013-06-13 20:49:47","0.00000","0.00000","1388111101","ForoDebateRIN","ForoDebateRIN","http://a0.twimg.com/profile_images/3588362016/d91e2dc46dda2dea25cdec9865cb8a50_normal.jpeg"
"345342280909070337","IRAN: ALL BAD THINGS COME FROM MULLAS AND ISLAM!Goodbye Islam! Hellow Prosperity! Introducation to my B: http://t.co/TDvYqD0zpL via @youtube","Tzo4OiJzdGRDbGFzcyI6NDp7czo4OiJoYXNodGFncyI7YTowOnt9czo3OiJzeW1ib2xzIjthOjA6e31zOjQ6InVybHMiO2E6MTp7aTowO086ODoic3RkQ2xhc3MiOjQ6e3M6MzoidXJsIjtzOjIyOiJodHRwOi8vdC5jby9URHZZcUQwenBMIjtzOjEyOiJleHBhbmRlZF91cmwiO3M6Mjc6Imh0dHA6Ly95b3V0dS5iZS9xdVB2RDhkTzJ0cyI7czoxMToiZGlzcGxheV91cmwiO3M6MjA6InlvdXR1LmJlL3F1UHZEOGRPMnRzIjtzOjc6ImluZGljZXMiO2E6Mjp7aTowO2k6MTA1O2k6MTtpOjEyNzt9fX1zOjEzOiJ1c2VyX21lbnRpb25zIjthOjE6e2k6MDtPOjg6InN0ZENsYXNzIjo1OntzOjExOiJzY3JlZW5fbmFtZSI7czo3OiJZb3VUdWJlIjtzOjQ6Im5hbWUiO3M6NzoiWW91VHViZSI7czoyOiJpZCI7aToxMDIyODI3MjtzOjY6ImlkX3N0ciI7czo4OiIxMDIyODI3MiI7czo3OiJpbmRpY2VzIjthOjI6e2k6MDtpOjEzMjtpOjE7aToxNDA7fX19fQ==","2013-06-13 20:49:50","0.00000","0.00000","113973519","Amighi","Karim Amighi","http://a0.twimg.com/profile_images/3340047200/d51629cdf6eab87a9768c9ef41292da1_normal.jpeg"
"345342339209912320","Syria has the military support of Russia and Iran....good job BHO.  You may get us into a world war.  #tcot #p2","Tzo4OiJzdGRDbGFzcyI6NDp7czo4OiJoYXNodGFncyI7YToyOntpOjA7Tzo4OiJzdGRDbGFzcyI6Mjp7czo0OiJ0ZXh0IjtzOjQ6InRjb3QiO3M6NzoiaW5kaWNlcyI7YToyOntpOjA7aToxMDI7aToxO2k6MTA3O319aToxO086ODoic3RkQ2xhc3MiOjI6e3M6NDoidGV4dCI7czoyOiJwMiI7czo3OiJpbmRpY2VzIjthOjI6e2k6MDtpOjEwODtpOjE7aToxMTE7fX19czo3OiJzeW1ib2xzIjthOjA6e31zOjQ6InVybHMiO2E6MDp7fXM6MTM6InVzZXJfbWVudGlvbnMiO2E6MDp7fX0=","2013-06-13 20:50:04","0.00000","0.00000","343672955","RockTheGoodAg","Rock","http://a0.twimg.com/profile_images/1464675097/imagesCAQ8P6W4_normal.jpg"
"345342358130405376","My thoughts are with u my beautiful country.Tmrw is a big day for #Iran and the world. I'm so stressed right now #iranelection","Tzo4OiJzdGRDbGFzcyI6NDp7czo4OiJoYXNodGFncyI7YToyOntpOjA7Tzo4OiJzdGRDbGFzcyI6Mjp7czo0OiJ0ZXh0IjtzOjQ6IklyYW4iO3M6NzoiaW5kaWNlcyI7YToyOntpOjA7aTo2NjtpOjE7aTo3MTt9fWk6MTtPOjg6InN0ZENsYXNzIjoyOntzOjQ6InRleHQiO3M6MTI6ImlyYW5lbGVjdGlvbiI7czo3OiJpbmRpY2VzIjthOjI6e2k6MDtpOjExMztpOjE7aToxMjY7fX19czo3OiJzeW1ib2xzIjthOjA6e31zOjQ6InVybHMiO2E6MDp7fXM6MTM6InVzZXJfbWVudGlvbnMiO2E6MDp7fX0=","2013-06-13 20:50:08","0.00000","0.00000","414458052","hodott","Hoda","http://a0.twimg.com/profile_images/3257069632/e3e594bb1f0c07b245286106b0d794c6_normal.jpeg"
"345342370000281601","تهران در آخرین شب تبلیغات انتخابات ریاست‌جمهوری

 عکس : یونس خانی/ خبرگزاري مهر http://t.co/NixgQiH3xF","Tzo4OiJzdGRDbGFzcyI6NDp7czo4OiJoYXNodGFncyI7YTowOnt9czo3OiJzeW1ib2xzIjthOjA6e31zOjQ6InVybHMiO2E6MTp7aTowO086ODoic3RkQ2xhc3MiOjQ6e3M6MzoidXJsIjtzOjIyOiJodHRwOi8vdC5jby9OaXhnUWlIM3hGIjtzOjEyOiJleHBhbmRlZF91cmwiO3M6MjE6Imh0dHA6Ly9mYi5tZS9TNHlUR1RKQSI7czoxMToiZGlzcGxheV91cmwiO3M6MTQ6ImZiLm1lL1M0eVRHVEpBIjtzOjc6ImluZGljZXMiO2E6Mjp7aTowO2k6ODA7aToxO2k6MTAyO319fXM6MTM6InVzZXJfbWVudGlvbnMiO2E6MDp7fX0=","2013-06-13 20:50:11","0.00000","0.00000","956557464","vafaazarbahari","vafa azarbahari","http://a0.twimg.com/profile_images/2875379254/28f8472b77857b86bd447b080f33c802_normal.jpeg"
"345342373003395072","Selamat melakukan pemilihan presiden Iran. Semoga Inflasi dan negosiasi nuklir teratasi dengan Baik dan Benar.","Tzo4OiJzdGRDbGFzcyI6NDp7czo4OiJoYXNodGFncyI7YTowOnt9czo3OiJzeW1ib2xzIjthOjA6e31zOjQ6InVybHMiO2E6MDp7fXM6MTM6InVzZXJfbWVudGlvbnMiO2E6MDp7fX0=","2013-06-13 20:50:12","0.00000","0.00000","252306936","__Fadly",",","http://a0.twimg.com/profile_images/344513261566415750/b756d40e67288428ab26d0b698866fe7_normal.jpeg"
"345342374802767872","Iran ""harrassing"" families of BBC Persian employees in #Iran and #UK before elections http://t.co/dB8bQyhvDa","Tzo4OiJzdGRDbGFzcyI6NDp7czo4OiJoYXNodGFncyI7YToyOntpOjA7Tzo4OiJzdGRDbGFzcyI6Mjp7czo0OiJ0ZXh0IjtzOjQ6IklyYW4iO3M6NzoiaW5kaWNlcyI7YToyOntpOjA7aTo1NTtpOjE7aTo2MDt9fWk6MTtPOjg6InN0ZENsYXNzIjoyOntzOjQ6InRleHQiO3M6MjoiVUsiO3M6NzoiaW5kaWNlcyI7YToyOntpOjA7aTo2NTtpOjE7aTo2ODt9fX1zOjc6InN5bWJvbHMiO2E6MDp7fXM6NDoidXJscyI7YToxOntpOjA7Tzo4OiJzdGRDbGFzcyI6NDp7czozOiJ1cmwiO3M6MjI6Imh0dHA6Ly90LmNvL2RCOGJReWh2RGEiO3M6MTI6ImV4cGFuZGVkX3VybCI7czo1MjoiaHR0cDovL3d3dy5iYmMuY28udWsvbmV3cy93b3JsZC1taWRkbGUtZWFzdC0yMjg5NjQ5MiI7czoxMToiZGlzcGxheV91cmwiO3M6Mjc6ImJiYy5jby51ay9uZXdzL3dvcmxkLW1pZOKApiI7czo3OiJpbmRpY2VzIjthOjI6e2k6MDtpOjg2O2k6MTtpOjEwODt9fX1zOjEzOiJ1c2VyX21lbnRpb25zIjthOjA6e319","2013-06-13 20:50:12","0.00000","0.00000","28693649","Vpedrosa","Veronica Pedrosa","http://a0.twimg.com/profile_images/2888805322/02293dbfa3c9b78d531e69d544d336f0_normal.jpeg"
"345342382801309697","Ideally Khamenei would want Jalili as President But he may be forced to give that idea up. #iranelection","Tzo4OiJzdGRDbGFzcyI6NDp7czo4OiJoYXNodGFncyI7YToxOntpOjA7Tzo4OiJzdGRDbGFzcyI6Mjp7czo0OiJ0ZXh0IjtzOjEyOiJpcmFuZWxlY3Rpb24iO3M6NzoiaW5kaWNlcyI7YToyOntpOjA7aTo5MTtpOjE7aToxMDQ7fX19czo3OiJzeW1ib2xzIjthOjA6e31zOjQ6InVybHMiO2E6MDp7fXM6MTM6InVzZXJfbWVudGlvbnMiO2E6MDp7fX0=","2013-06-13 20:50:14","0.00000","0.00000","487569809","maryamnayebyazd","maryam nayeb yazdi","http://a0.twimg.com/profile_images/3626671920/5c0680ff65dcce1c4ce85e4ff39b2783_normal.jpeg"
"345342392020369408","I'm gonna vote for #iran elections after all the Struggles to vote or not to vote! #IranElection... Fingers Crossed!!","Tzo4OiJzdGRDbGFzcyI6NDp7czo4OiJoYXNodGFncyI7YToyOntpOjA7Tzo4OiJzdGRDbGFzcyI6Mjp7czo0OiJ0ZXh0IjtzOjQ6ImlyYW4iO3M6NzoiaW5kaWNlcyI7YToyOntpOjA7aToxOTtpOjE7aToyNDt9fWk6MTtPOjg6InN0ZENsYXNzIjoyOntzOjQ6InRleHQiO3M6MTI6IklyYW5FbGVjdGlvbiI7czo3OiJpbmRpY2VzIjthOjI6e2k6MDtpOjgzO2k6MTtpOjk2O319fXM6Nzoic3ltYm9scyI7YTowOnt9czo0OiJ1cmxzIjthOjA6e31zOjEzOiJ1c2VyX21lbnRpb25zIjthOjA6e319","2013-06-13 20:50:17","0.00000","0.00000","320863748","Soroudeh","Soroudeh So","http://a0.twimg.com/profile_images/2184154306/2_normal.jpg"
"345342399201026050","Iran vote could bring change of style, perhaps not substance http://t.co/VQnjuZzyA4 via @reuters","Tzo4OiJzdGRDbGFzcyI6NDp7czo4OiJoYXNodGFncyI7YTowOnt9czo3OiJzeW1ib2xzIjthOjA6e31zOjQ6InVybHMiO2E6MTp7aTowO086ODoic3RkQ2xhc3MiOjQ6e3M6MzoidXJsIjtzOjIyOiJodHRwOi8vdC5jby9WUW5qdVp6eUE0IjtzOjEyOiJleHBhbmRlZF91cmwiO3M6MjI6Imh0dHA6Ly9yZXV0LnJzLzE5NlhoczgiO3M6MTE6ImRpc3BsYXlfdXJsIjtzOjE1OiJyZXV0LnJzLzE5NlhoczgiO3M6NzoiaW5kaWNlcyI7YToyOntpOjA7aTo2MTtpOjE7aTo4Mzt9fX1zOjEzOiJ1c2VyX21lbnRpb25zIjthOjE6e2k6MDtPOjg6InN0ZENsYXNzIjo1OntzOjExOiJzY3JlZW5fbmFtZSI7czo3OiJSZXV0ZXJzIjtzOjQ6Im5hbWUiO3M6MTY6IlJldXRlcnMgVG9wIE5ld3MiO3M6MjoiaWQiO2k6MTY1MjU0MTtzOjY6ImlkX3N0ciI7czo3OiIxNjUyNTQxIjtzOjc6ImluZGljZXMiO2E6Mjp7aTowO2k6ODg7aToxO2k6OTY7fX19fQ==","2013-06-13 20:50:18","0.00000","0.00000","113631630","UsmanChoudry","Usman Choudry","http://a0.twimg.com/profile_images/3503713335/e3d9d97d55aa6a1e69d17a659d20cf58_normal.jpeg"
"345342408805974017","#ows #Occupy #Connectheleft #HumanRights #PNAC : Project For The New American Century Exposed-
http://t.co/U1GPFXG3YJ #Syria #Iran #Lebanon","Tzo4OiJzdGRDbGFzcyI6NDp7czo4OiJoYXNodGFncyI7YTo4OntpOjA7Tzo4OiJzdGRDbGFzcyI6Mjp7czo0OiJ0ZXh0IjtzOjM6Im93cyI7czo3OiJpbmRpY2VzIjthOjI6e2k6MDtpOjA7aToxO2k6NDt9fWk6MTtPOjg6InN0ZENsYXNzIjoyOntzOjQ6InRleHQiO3M6NjoiT2NjdXB5IjtzOjc6ImluZGljZXMiO2E6Mjp7aTowO2k6NTtpOjE7aToxMjt9fWk6MjtPOjg6InN0ZENsYXNzIjoyOntzOjQ6InRleHQiO3M6MTM6IkNvbm5lY3RoZWxlZnQiO3M6NzoiaW5kaWNlcyI7YToyOntpOjA7aToxMztpOjE7aToyNzt9fWk6MztPOjg6InN0ZENsYXNzIjoyOntzOjQ6InRleHQiO3M6MTE6Ikh1bWFuUmlnaHRzIjtzOjc6ImluZGljZXMiO2E6Mjp7aTowO2k6Mjg7aToxO2k6NDA7fX1pOjQ7Tzo4OiJzdGRDbGFzcyI6Mjp7czo0OiJ0ZXh0IjtzOjQ6IlBOQUMiO3M6NzoiaW5kaWNlcyI7YToyOntpOjA7aTo0MTtpOjE7aTo0Njt9fWk6NTtPOjg6InN0ZENsYXNzIjoyOntzOjQ6InRleHQiO3M6NToiU3lyaWEiO3M6NzoiaW5kaWNlcyI7YToyOntpOjA7aToxMTg7aToxO2k6MTI0O319aTo2O086ODoic3RkQ2xhc3MiOjI6e3M6NDoidGV4dCI7czo0OiJJcmFuIjtzOjc6ImluZGljZXMiO2E6Mjp7aTowO2k6MTI1O2k6MTtpOjEzMDt9fWk6NztPOjg6InN0ZENsYXNzIjoyOntzOjQ6InRleHQiO3M6NzoiTGViYW5vbiI7czo3OiJpbmRpY2VzIjthOjI6e2k6MDtpOjEzMTtpOjE7aToxMzk7fX19czo3OiJzeW1ib2xzIjthOjA6e31zOjQ6InVybHMiO2E6MTp7aTowO086ODoic3RkQ2xhc3MiOjQ6e3M6MzoidXJsIjtzOjIyOiJodHRwOi8vdC5jby9VMUdQRlhHM1lKIjtzOjEyOiJleHBhbmRlZF91cmwiO3M6NTY6Imh0dHA6Ly93d3cuaW5mb3JtYXRpb25jbGVhcmluZ2hvdXNlLmluZm8vYXJ0aWNsZTE2NjUuaHRtIjtzOjExOiJkaXNwbGF5X3VybCI7czo0NToiaW5mb3JtYXRpb25jbGVhcmluZ2hvdXNlLmluZm8vYXJ0aWNsZTE2NjUuaHRtIjtzOjc6ImluZGljZXMiO2E6Mjp7aTowO2k6OTU7aToxO2k6MTE3O319fXM6MTM6InVzZXJfbWVudGlvbnMiO2E6MDp7fX0=","2013-06-13 20:50:21","0.00000","0.00000","326523232","ranumpowerplay","Brian Joseph Ranum","http://a0.twimg.com/profile_images/1421772182/253978_221266927891919_100000258409333_918251_4262867_n_normal.jpg"
"345342418792620032","RT @DrDimashqiah: Syrian revolution with it's sufferings is the only Arabian spring that had exposed the Euro-American Autumn collusion wit…","Tzo4OiJzdGRDbGFzcyI6NDp7czo4OiJoYXNodGFncyI7YTowOnt9czo3OiJzeW1ib2xzIjthOjA6e31zOjQ6InVybHMiO2E6MDp7fXM6MTM6InVzZXJfbWVudGlvbnMiO2E6MTp7aTowO086ODoic3RkQ2xhc3MiOjU6e3M6MTE6InNjcmVlbl9uYW1lIjtzOjEyOiJEckRpbWFzaHFpYWgiO3M6NDoibmFtZSI7czozNToi2K8uINi52KjYr9in2YTYsdit2YXZhiDYr9mF2LTZgtmK2KkiO3M6MjoiaWQiO2k6NTMwMDQyNDIxO3M6NjoiaWRfc3RyIjtzOjk6IjUzMDA0MjQyMSI7czo3OiJpbmRpY2VzIjthOjI6e2k6MDtpOjM7aToxO2k6MTY7fX19fQ==","2013-06-13 20:50:23","0.00000","0.00000","197361425","T00Fi","T00Fi","http://a0.twimg.com/profile_images/2442611879/jduevzvr4frnwirpptzd_normal.png"
"345342427248328705","@YaiLandgren CHIAS A DONDE IRAN ESO ES K QUIEREN FUFA DE LA WENA SAEH PREMA???","Tzo4OiJzdGRDbGFzcyI6NDp7czo4OiJoYXNodGFncyI7YTowOnt9czo3OiJzeW1ib2xzIjthOjA6e31zOjQ6InVybHMiO2E6MDp7fXM6MTM6InVzZXJfbWVudGlvbnMiO2E6MTp7aTowO086ODoic3RkQ2xhc3MiOjU6e3M6MTE6InNjcmVlbl9uYW1lIjtzOjExOiJZYWlMYW5kZ3JlbiI7czo0OiJuYW1lIjtzOjEyOiJZYWkgTGFuZGdyZW4iO3M6MjoiaWQiO2k6NjAwMTU0NzU4O3M6NjoiaWRfc3RyIjtzOjk6IjYwMDE1NDc1OCI7czo3OiJpbmRpY2VzIjthOjI6e2k6MDtpOjA7aToxO2k6MTI7fX19fQ==","2013-06-13 20:50:25","0.00000","0.00000","440054963","SaritaaPuertas","Run away.","http://a0.twimg.com/profile_images/3617079333/c547c8702ade26dbd330faab7f2928e4_normal.jpeg"
"345342439940304896","PRAY FOR IRAN: Record Baptisms in Iran Overshadowed by Church Closure as Presidential Election Looms http://t.co/c59LsQfT4U","Tzo4OiJzdGRDbGFzcyI6NDp7czo4OiJoYXNodGFncyI7YTowOnt9czo3OiJzeW1ib2xzIjthOjA6e31zOjQ6InVybHMiO2E6MTp7aTowO086ODoic3RkQ2xhc3MiOjQ6e3M6MzoidXJsIjtzOjIyOiJodHRwOi8vdC5jby9jNTlMc1FmVDRVIjtzOjEyOiJleHBhbmRlZF91cmwiO3M6MTg6Imh0dHA6Ly9vdy5seS9tMEVMVyI7czoxMToiZGlzcGxheV91cmwiO3M6MTE6Im93Lmx5L20wRUxXIjtzOjc6ImluZGljZXMiO2E6Mjp7aTowO2k6MTAxO2k6MTtpOjEyMzt9fX1zOjEzOiJ1c2VyX21lbnRpb25zIjthOjA6e319","2013-06-13 20:50:28","0.00000","0.00000","804571416","IDOPCanada","IDOP Canada","http://a0.twimg.com/profile_images/2579502936/j5aewtb72kmpkbrxwztj_normal.jpeg"
"345342440514912256","RT @tedcruz: Today, I ask all Americans to join in urging regime in Iran to tear down walls of political &amp; religious persecution: http://t.…","Tzo4OiJzdGRDbGFzcyI6NDp7czo4OiJoYXNodGFncyI7YTowOnt9czo3OiJzeW1ib2xzIjthOjA6e31zOjQ6InVybHMiO2E6MDp7fXM6MTM6InVzZXJfbWVudGlvbnMiO2E6MTp7aTowO086ODoic3RkQ2xhc3MiOjU6e3M6MTE6InNjcmVlbl9uYW1lIjtzOjc6InRlZGNydXoiO3M6NDoibmFtZSI7czo4OiJUZWQgQ3J1eiI7czoyOiJpZCI7aToyMzAyMjY4NztzOjY6ImlkX3N0ciI7czo4OiIyMzAyMjY4NyI7czo3OiJpbmRpY2VzIjthOjI6e2k6MDtpOjM7aToxO2k6MTE7fX19fQ==","2013-06-13 20:50:28","0.00000","0.00000","977420312","BethRS62","Beth","http://a0.twimg.com/profile_images/3627072155/67d215d7b06ae68cbbf6e61f5886db96_normal.jpeg"
"345342465244532739","@PAC43 can't we ship these people to Iran or somewhere like that","Tzo4OiJzdGRDbGFzcyI6NDp7czo4OiJoYXNodGFncyI7YTowOnt9czo3OiJzeW1ib2xzIjthOjA6e31zOjQ6InVybHMiO2E6MDp7fXM6MTM6InVzZXJfbWVudGlvbnMiO2E6MTp7aTowO086ODoic3RkQ2xhc3MiOjU6e3M6MTE6InNjcmVlbl9uYW1lIjtzOjU6IlBBQzQzIjtzOjQ6Im5hbWUiO3M6MTA6IlBhdWwgQ29tYnMiO3M6MjoiaWQiO2k6ODk0OTY3MjA7czo2OiJpZF9zdHIiO3M6ODoiODk0OTY3MjAiO3M6NzoiaW5kaWNlcyI7YToyOntpOjA7aTowO2k6MTtpOjY7fX19fQ==","2013-06-13 20:50:34","0.00000","0.00000","247543699","iamjohnmh","John H","http://a0.twimg.com/profile_images/1251501476/images_normal.jpg"
"345342472718782464","ولما تعدي 30/6 هيتحدد ميعاد انتخابات النواب ف اقرب وقت! طبعا كل ده بياجل انتخابات المحليات والسمتفيد الوحيد هم الفلول والدولة العقيمة..","Tzo4OiJzdGRDbGFzcyI6NDp7czo4OiJoYXNodGFncyI7YTowOnt9czo3OiJzeW1ib2xzIjthOjA6e31zOjQ6InVybHMiO2E6MDp7fXM6MTM6InVzZXJfbWVudGlvbnMiO2E6MDp7fX0=","2013-06-13 20:50:36","0.00000","0.00000","326505949","Sala7izeum","Razor","http://a0.twimg.com/profile_images/3672060794/796344d283a7a71e9e312a73347a4e53_normal.jpeg"
"345342474140655616","@Peggynoonannyc How about Nixon? Or Iran-Contra? Or Whitewater? Or George Bush's entire presidency? What propaganda rubbish you spew","Tzo4OiJzdGRDbGFzcyI6NDp7czo4OiJoYXNodGFncyI7YTowOnt9czo3OiJzeW1ib2xzIjthOjA6e31zOjQ6InVybHMiO2E6MDp7fXM6MTM6InVzZXJfbWVudGlvbnMiO2E6MTp7aTowO086ODoic3RkQ2xhc3MiOjU6e3M6MTE6InNjcmVlbl9uYW1lIjtzOjE0OiJQZWdneW5vb25hbm55YyI7czo0OiJuYW1lIjtzOjEyOiJQZWdneSBOb29uYW4iO3M6MjoiaWQiO2k6MzU0NzQ4MDk7czo2OiJpZF9zdHIiO3M6ODoiMzU0NzQ4MDkiO3M6NzoiaW5kaWNlcyI7YToyOntpOjA7aTowO2k6MTtpOjE1O319fX0=","2013-06-13 20:50:36","0.00000","0.00000","136844015","akshaykanoria","Akshay Kanoria","http://a0.twimg.com/profile_images/2191588276/PP_normal.jpeg"
"345342496139788288","█░▀▀█░█▀▀
█░▀▀█░▀▀█
█░███░███ 
Minutes to Downfall of #IslamicRepublic
#IranElection #Iran
#انتخابات #ایران","Tzo4OiJzdGRDbGFzcyI6NDp7czo4OiJoYXNodGFncyI7YTo1OntpOjA7Tzo4OiJzdGRDbGFzcyI6Mjp7czo0OiJ0ZXh0IjtzOjE1OiJJc2xhbWljUmVwdWJsaWMiO3M6NzoiaW5kaWNlcyI7YToyOntpOjA7aTo1NDtpOjE7aTo3MDt9fWk6MTtPOjg6InN0ZENsYXNzIjoyOntzOjQ6InRleHQiO3M6MTI6IklyYW5FbGVjdGlvbiI7czo3OiJpbmRpY2VzIjthOjI6e2k6MDtpOjcxO2k6MTtpOjg0O319aToyO086ODoic3RkQ2xhc3MiOjI6e3M6NDoidGV4dCI7czo0OiJJcmFuIjtzOjc6ImluZGljZXMiO2E6Mjp7aTowO2k6ODU7aToxO2k6OTA7fX1pOjM7Tzo4OiJzdGRDbGFzcyI6Mjp7czo0OiJ0ZXh0IjtzOjE2OiLYp9mG2KrYrtin2KjYp9iqIjtzOjc6ImluZGljZXMiO2E6Mjp7aTowO2k6OTE7aToxO2k6MTAwO319aTo0O086ODoic3RkQ2xhc3MiOjI6e3M6NDoidGV4dCI7czoxMDoi2KfbjNix2KfZhiI7czo3OiJpbmRpY2VzIjthOjI6e2k6MDtpOjEwMTtpOjE7aToxMDc7fX19czo3OiJzeW1ib2xzIjthOjA6e31zOjQ6InVybHMiO2E6MDp7fXM6MTM6InVzZXJfbWVudGlvbnMiO2E6MDp7fX0=","2013-06-13 20:50:41","0.00000","0.00000","60738759","IranCountdown","Iran Countdown","http://a0.twimg.com/profile_images/335216382/icd12_normal.jpg"
"345342525894193152","بالاترين: :: کانادا شجاعت مردم ایران برای ابراز عقایدشان ستود: جان برد، وزیر امور خارجه دو... http://t.co/mP0nlq9wtj #iran #iranelection","Tzo4OiJzdGRDbGFzcyI6NDp7czo4OiJoYXNodGFncyI7YToyOntpOjA7Tzo4OiJzdGRDbGFzcyI6Mjp7czo0OiJ0ZXh0IjtzOjQ6ImlyYW4iO3M6NzoiaW5kaWNlcyI7YToyOntpOjA7aToxMTc7aToxO2k6MTIyO319aToxO086ODoic3RkQ2xhc3MiOjI6e3M6NDoidGV4dCI7czoxMjoiaXJhbmVsZWN0aW9uIjtzOjc6ImluZGljZXMiO2E6Mjp7aTowO2k6MTIzO2k6MTtpOjEzNjt9fX1zOjc6InN5bWJvbHMiO2E6MDp7fXM6NDoidXJscyI7YToxOntpOjA7Tzo4OiJzdGRDbGFzcyI6NDp7czozOiJ1cmwiO3M6MjI6Imh0dHA6Ly90LmNvL21QMG5scTl3dGoiO3M6MTI6ImV4cGFuZGVkX3VybCI7czoyMToiaHR0cDovL2JpdC5seS8xOXg1MFNZIjtzOjExOiJkaXNwbGF5X3VybCI7czoxNDoiYml0Lmx5LzE5eDUwU1kiO3M6NzoiaW5kaWNlcyI7YToyOntpOjA7aTo5NDtpOjE7aToxMTY7fX19czoxMzoidXNlcl9tZW50aW9ucyI7YTowOnt9fQ==","2013-06-13 20:50:48","0.00000","0.00000","105151130","newssabz","خبر هاي جنبش سبز","http://a0.twimg.com/profile_images/632995548/mobarezz_1_normal.JPG"
"345342547247378432","video: Iranian Torture Victim Speak Confronts Iran at UN http://t.co/fWZWCflkAP","Tzo4OiJzdGRDbGFzcyI6NDp7czo4OiJoYXNodGFncyI7YTowOnt9czo3OiJzeW1ib2xzIjthOjA6e31zOjQ6InVybHMiO2E6MTp7aTowO086ODoic3RkQ2xhc3MiOjQ6e3M6MzoidXJsIjtzOjIyOiJodHRwOi8vdC5jby9mV1pXQ2Zsa0FQIjtzOjEyOiJleHBhbmRlZF91cmwiO3M6MzY6Imh0dHA6Ly93d3cuaXJvb24uY29tL2lydG4vdmxvZy8zMzQ4LyI7czoxMToiZGlzcGxheV91cmwiO3M6MjU6Imlyb29uLmNvbS9pcnRuL3Zsb2cvMzM0OC8iO3M6NzoiaW5kaWNlcyI7YToyOntpOjA7aTo1NztpOjE7aTo3OTt9fX1zOjEzOiJ1c2VyX21lbnRpb25zIjthOjA6e319","2013-06-13 20:50:54","0.00000","0.00000","1060094460","iroonhome","iroon","http://a0.twimg.com/profile_images/3063730786/5fe342eaf71cb2b8db2a71b41a792cd8_normal.jpeg"
"345342549424209920","RT @tedcruz: Today, I ask all Americans to join in urging regime in Iran to tear down walls of political &amp; religious persecution: http://t.…","Tzo4OiJzdGRDbGFzcyI6NDp7czo4OiJoYXNodGFncyI7YTowOnt9czo3OiJzeW1ib2xzIjthOjA6e31zOjQ6InVybHMiO2E6MDp7fXM6MTM6InVzZXJfbWVudGlvbnMiO2E6MTp7aTowO086ODoic3RkQ2xhc3MiOjU6e3M6MTE6InNjcmVlbl9uYW1lIjtzOjc6InRlZGNydXoiO3M6NDoibmFtZSI7czo4OiJUZWQgQ3J1eiI7czoyOiJpZCI7aToyMzAyMjY4NztzOjY6ImlkX3N0ciI7czo4OiIyMzAyMjY4NyI7czo3OiJpbmRpY2VzIjthOjI6e2k6MDtpOjM7aToxO2k6MTE7fX19fQ==","2013-06-13 20:50:54","0.00000","0.00000","337777450","betomo_17","Robert","http://a0.twimg.com/profile_images/3701179918/0fb826d31e701c7ec394ae49774e1b94_normal.png"
"345342576330694656","@biebsftlodovica ME IRAN A DAR LIMITE PERO TE DIRE TEFI SIEMPREEEE","Tzo4OiJzdGRDbGFzcyI6NDp7czo4OiJoYXNodGFncyI7YTowOnt9czo3OiJzeW1ib2xzIjthOjA6e31zOjQ6InVybHMiO2E6MDp7fXM6MTM6InVzZXJfbWVudGlvbnMiO2E6MTp7aTowO086ODoic3RkQ2xhc3MiOjU6e3M6MTE6InNjcmVlbl9uYW1lIjtzOjE1OiJiaWVic2Z0bG9kb3ZpY2EiO3M6NDoibmFtZSI7czoyMjoi4pyn4pymIHN0aGVmYW55IOKcpuKcpyI7czoyOiJpZCI7aTozMjM4OTE5NTk7czo2OiJpZF9zdHIiO3M6OToiMzIzODkxOTU5IjtzOjc6ImluZGljZXMiO2E6Mjp7aTowO2k6MDtpOjE7aToxNjt9fX19","2013-06-13 20:51:01","0.00000","0.00000","1375707098","BeStrongmeIsaid","           ¡Help me!","http://a0.twimg.com/profile_images/344513261565731408/a4183686d5bcc561629f796f838b707d_normal.png"
"345342578771759104","Electioneering over, Iran prepares to vote","Tzo4OiJzdGRDbGFzcyI6NDp7czo4OiJoYXNodGFncyI7YTowOnt9czo3OiJzeW1ib2xzIjthOjA6e31zOjQ6InVybHMiO2E6MDp7fXM6MTM6InVzZXJfbWVudGlvbnMiO2E6MDp7fX0=","2013-06-13 20:51:01","0.00000","0.00000","365429178","ShawndaStakkela","Shawnda Stakkeland","http://a0.twimg.com/profile_images/1757046146/Michelle_normal.jpg"
"345342586757730305","Iran Vote Could Bring Change of Style http://t.co/EmJMG4pBre","Tzo4OiJzdGRDbGFzcyI6NDp7czo4OiJoYXNodGFncyI7YTowOnt9czo3OiJzeW1ib2xzIjthOjA6e31zOjQ6InVybHMiO2E6MTp7aTowO086ODoic3RkQ2xhc3MiOjQ6e3M6MzoidXJsIjtzOjIyOiJodHRwOi8vdC5jby9FbUpNRzRwQnJlIjtzOjEyOiJleHBhbmRlZF91cmwiO3M6MjE6Imh0dHA6Ly9kbHZyLml0LzNXTVZjYiI7czoxMToiZGlzcGxheV91cmwiO3M6MTQ6ImRsdnIuaXQvM1dNVmNiIjtzOjc6ImluZGljZXMiO2E6Mjp7aTowO2k6Mzg7aToxO2k6NjA7fX19czoxMzoidXNlcl9tZW50aW9ucyI7YTowOnt9fQ==","2013-06-13 20:51:03","0.00000","0.00000","151500509","PriCapLLC","Private Capital LLC","http://a0.twimg.com/profile_images/3176251443/31adf6600db597795f60025d90a11ed8_normal.jpeg"
"345342597755174912","RT @reluctantzealot: Unlike Obama's war in Libya, which he lost, this time  #Syria has the military support of Russia and Iran. #WWIII  #No…","Tzo4OiJzdGRDbGFzcyI6NDp7czo4OiJoYXNodGFncyI7YTozOntpOjA7Tzo4OiJzdGRDbGFzcyI6Mjp7czo0OiJ0ZXh0IjtzOjU6IlN5cmlhIjtzOjc6ImluZGljZXMiO2E6Mjp7aTowO2k6NzY7aToxO2k6ODI7fX1pOjE7Tzo4OiJzdGRDbGFzcyI6Mjp7czo0OiJ0ZXh0IjtzOjU6IldXSUlJIjtzOjc6ImluZGljZXMiO2E6Mjp7aTowO2k6MTI4O2k6MTtpOjEzNDt9fWk6MjtPOjg6InN0ZENsYXNzIjoyOntzOjQ6InRleHQiO3M6MjoiTm8iO3M6NzoiaW5kaWNlcyI7YToyOntpOjA7aToxMzY7aToxO2k6MTM5O319fXM6Nzoic3ltYm9scyI7YTowOnt9czo0OiJ1cmxzIjthOjA6e31zOjEzOiJ1c2VyX21lbnRpb25zIjthOjE6e2k6MDtPOjg6InN0ZENsYXNzIjo1OntzOjExOiJzY3JlZW5fbmFtZSI7czoxNToicmVsdWN0YW50emVhbG90IjtzOjQ6Im5hbWUiO3M6NzoiSnVzdCBtZSI7czoyOiJpZCI7aTo2NjQ5NTI4OTtzOjY6ImlkX3N0ciI7czo4OiI2NjQ5NTI4OSI7czo3OiJpbmRpY2VzIjthOjI6e2k6MDtpOjM7aToxO2k6MTk7fX19fQ==","2013-06-13 20:51:06","0.00000","0.00000","1289654568","RT3Syria","Syria سوريا","http://a0.twimg.com/profile_images/3415430441/8c36266416aa6cb7fd30c0a335f05b0b_normal.png"
"345342614733721600","Quienes iran a las albercas el lunes? #TurnoMatutino","Tzo4OiJzdGRDbGFzcyI6NDp7czo4OiJoYXNodGFncyI7YToxOntpOjA7Tzo4OiJzdGRDbGFzcyI6Mjp7czo0OiJ0ZXh0IjtzOjEzOiJUdXJub01hdHV0aW5vIjtzOjc6ImluZGljZXMiO2E6Mjp7aTowO2k6Mzg7aToxO2k6NTI7fX19czo3OiJzeW1ib2xzIjthOjA6e31zOjQ6InVybHMiO2E6MDp7fXM6MTM6InVzZXJfbWVudGlvbnMiO2E6MDp7fX0=","2013-06-13 20:51:10","0.00000","0.00000","719538019","Samantha_Cota","Compañera.","http://a0.twimg.com/profile_images/344513261567648747/3f9eb9f098b2ee1fded0fb3207ff05e4_normal.jpeg"
"345342646945984512","RT @hrw: #Iran goes to the polls tomorrow tho much of the opposition in prison, #immigration costs, more... http://t.co/yC8BhJFWnJ","Tzo4OiJzdGRDbGFzcyI6NDp7czo4OiJoYXNodGFncyI7YToyOntpOjA7Tzo4OiJzdGRDbGFzcyI6Mjp7czo0OiJ0ZXh0IjtzOjQ6IklyYW4iO3M6NzoiaW5kaWNlcyI7YToyOntpOjA7aTo5O2k6MTtpOjE0O319aToxO086ODoic3RkQ2xhc3MiOjI6e3M6NDoidGV4dCI7czoxMToiaW1taWdyYXRpb24iO3M6NzoiaW5kaWNlcyI7YToyOntpOjA7aTo4MDtpOjE7aTo5Mjt9fX1zOjc6InN5bWJvbHMiO2E6MDp7fXM6NDoidXJscyI7YToxOntpOjA7Tzo4OiJzdGRDbGFzcyI6NDp7czozOiJ1cmwiO3M6MjI6Imh0dHA6Ly90LmNvL3lDOEJoSkZXbkoiO3M6MTI6ImV4cGFuZGVkX3VybCI7czoyMToiaHR0cDovL2JpdC5seS8xOTZZaVFZIjtzOjExOiJkaXNwbGF5X3VybCI7czoxNDoiYml0Lmx5LzE5NllpUVkiO3M6NzoiaW5kaWNlcyI7YToyOntpOjA7aToxMDg7aToxO2k6MTMwO319fXM6MTM6InVzZXJfbWVudGlvbnMiO2E6MTp7aTowO086ODoic3RkQ2xhc3MiOjU6e3M6MTE6InNjcmVlbl9uYW1lIjtzOjM6ImhydyI7czo0OiJuYW1lIjtzOjE4OiJIdW1hbiBSaWdodHMgV2F0Y2giO3M6MjoiaWQiO2k6MTQ3MDAzMTY7czo2OiJpZF9zdHIiO3M6ODoiMTQ3MDAzMTYiO3M6NzoiaW5kaWNlcyI7YToyOntpOjA7aTozO2k6MTtpOjc7fX19fQ==","2013-06-13 20:51:17","0.00000","0.00000","1017138475","JilaniMuhammad","Muhammad Jilani","http://a0.twimg.com/profile_images/3576091897/aa903bb2ab3f507e2c05a87f6550653f_normal.jpeg"
"345342647973597184","RT @TheAtlantic: Does Iran's president matter? http://t.co/Ex8uAX9jtX","Tzo4OiJzdGRDbGFzcyI6NDp7czo4OiJoYXNodGFncyI7YTowOnt9czo3OiJzeW1ib2xzIjthOjA6e31zOjQ6InVybHMiO2E6MTp7aTowO086ODoic3RkQ2xhc3MiOjQ6e3M6MzoidXJsIjtzOjIyOiJodHRwOi8vdC5jby9FeDh1QVg5anRYIjtzOjEyOiJleHBhbmRlZF91cmwiO3M6MjU6Imh0dHA6Ly90aGVhdGxuLnRjLzE5NmtscjMiO3M6MTE6ImRpc3BsYXlfdXJsIjtzOjE4OiJ0aGVhdGxuLnRjLzE5NmtscjMiO3M6NzoiaW5kaWNlcyI7YToyOntpOjA7aTo0NztpOjE7aTo2OTt9fX1zOjEzOiJ1c2VyX21lbnRpb25zIjthOjE6e2k6MDtPOjg6InN0ZENsYXNzIjo1OntzOjExOiJzY3JlZW5fbmFtZSI7czoxMToiVGhlQXRsYW50aWMiO3M6NDoibmFtZSI7czoxMjoiVGhlIEF0bGFudGljIjtzOjI6ImlkIjtpOjM1NzczMDM5O3M6NjoiaWRfc3RyIjtzOjg6IjM1NzczMDM5IjtzOjc6ImluZGljZXMiO2E6Mjp7aTowO2k6MztpOjE7aToxNTt9fX19","2013-06-13 20:51:18","0.00000","0.00000","17728812","roopaksaluja","Roopak Saluja","http://a0.twimg.com/profile_images/3346581319/82fc56e22074d5325525770445cf2630_normal.jpeg"
"345342648564985856","RT @tedcruz: Today, I ask all Americans to join in urging regime in Iran to tear down walls of political &amp; religious persecution: http://t.…","Tzo4OiJzdGRDbGFzcyI6NDp7czo4OiJoYXNodGFncyI7YTowOnt9czo3OiJzeW1ib2xzIjthOjA6e31zOjQ6InVybHMiO2E6MDp7fXM6MTM6InVzZXJfbWVudGlvbnMiO2E6MTp7aTowO086ODoic3RkQ2xhc3MiOjU6e3M6MTE6InNjcmVlbl9uYW1lIjtzOjc6InRlZGNydXoiO3M6NDoibmFtZSI7czo4OiJUZWQgQ3J1eiI7czoyOiJpZCI7aToyMzAyMjY4NztzOjY6ImlkX3N0ciI7czo4OiIyMzAyMjY4NyI7czo3OiJpbmRpY2VzIjthOjI6e2k6MDtpOjM7aToxO2k6MTE7fX19fQ==","2013-06-13 20:51:18","0.00000","0.00000","434765019","byrdela","Bgibson","http://a0.twimg.com/profile_images/3409692935/986aaed8067509061d6502227bf6e6c1_normal.jpeg"
"345342650242695168","انا ممكن انزل مع تمرد بشرط تضمنولى ان الاخوان مايجمعوش 20 مليون توقيع و يقولك الرئيس الجديد مش عاجبنا و عايزين انتخابات مبكرة","Tzo4OiJzdGRDbGFzcyI6NDp7czo4OiJoYXNodGFncyI7YTowOnt9czo3OiJzeW1ib2xzIjthOjA6e31zOjQ6InVybHMiO2E6MDp7fXM6MTM6InVzZXJfbWVudGlvbnMiO2E6MDp7fX0=","2013-06-13 20:51:18","0.00000","0.00000","611761845","Islam88elmasry","Islam ElMasry","http://a0.twimg.com/profile_images/2319239054/o_normal.jpg"
"345342651815575552","RT @ballaballaco: Thousands of gmail accounts hacked in Iran, says Google http://t.co/subQpvJ41W - Balla Networks","Tzo4OiJzdGRDbGFzcyI6NDp7czo4OiJoYXNodGFncyI7YTowOnt9czo3OiJzeW1ib2xzIjthOjA6e31zOjQ6InVybHMiO2E6MTp7aTowO086ODoic3RkQ2xhc3MiOjQ6e3M6MzoidXJsIjtzOjIyOiJodHRwOi8vdC5jby9zdWJRcHZKNDFXIjtzOjEyOiJleHBhbmRlZF91cmwiO3M6MjY6Imh0dHA6Ly90aW55dXJsLmNvbS9sMnlhY2t1IjtzOjExOiJkaXNwbGF5X3VybCI7czoxOToidGlueXVybC5jb20vbDJ5YWNrdSI7czo3OiJpbmRpY2VzIjthOjI6e2k6MDtpOjc0O2k6MTtpOjk2O319fXM6MTM6InVzZXJfbWVudGlvbnMiO2E6MTp7aTowO086ODoic3RkQ2xhc3MiOjU6e3M6MTE6InNjcmVlbl9uYW1lIjtzOjEyOiJiYWxsYWJhbGxhY28iO3M6NDoibmFtZSI7czoxMToiQmFsbGEgQmFsbGEiO3M6MjoiaWQiO2k6NTk5MTAxNzI5O3M6NjoiaWRfc3RyIjtzOjk6IjU5OTEwMTcyOSI7czo3OiJpbmRpY2VzIjthOjI6e2k6MDtpOjM7aToxO2k6MTY7fX19fQ==","2013-06-13 20:51:19","0.00000","0.00000","560669455","sheilaweeks","Sheila Weeks","http://a0.twimg.com/profile_images/2157660092/shiela_normal.png"
"345342656580304897","RT @iran_policy: #iranelection #IranFreedom #Iran: Any result in sham election expedites regime's downfall http://t.co/yEwlkivEZu @CNN @@wa…","Tzo4OiJzdGRDbGFzcyI6NDp7czo4OiJoYXNodGFncyI7YTozOntpOjA7Tzo4OiJzdGRDbGFzcyI6Mjp7czo0OiJ0ZXh0IjtzOjEyOiJpcmFuZWxlY3Rpb24iO3M6NzoiaW5kaWNlcyI7YToyOntpOjA7aToxNztpOjE7aTozMDt9fWk6MTtPOjg6InN0ZENsYXNzIjoyOntzOjQ6InRleHQiO3M6MTE6IklyYW5GcmVlZG9tIjtzOjc6ImluZGljZXMiO2E6Mjp7aTowO2k6MzE7aToxO2k6NDM7fX1pOjI7Tzo4OiJzdGRDbGFzcyI6Mjp7czo0OiJ0ZXh0IjtzOjQ6IklyYW4iO3M6NzoiaW5kaWNlcyI7YToyOntpOjA7aTo0NDtpOjE7aTo0OTt9fX1zOjc6InN5bWJvbHMiO2E6MDp7fXM6NDoidXJscyI7YToxOntpOjA7Tzo4OiJzdGRDbGFzcyI6NDp7czozOiJ1cmwiO3M6MjI6Imh0dHA6Ly90LmNvL3lFd2xraXZFWnUiO3M6MTI6ImV4cGFuZGVkX3VybCI7czoyMToiaHR0cDovL2JpdC5seS8xNTFINFFWIjtzOjExOiJkaXNwbGF5X3VybCI7czoxNDoiYml0Lmx5LzE1MUg0UVYiO3M6NzoiaW5kaWNlcyI7YToyOntpOjA7aToxMDc7aToxO2k6MTI5O319fXM6MTM6InVzZXJfbWVudGlvbnMiO2E6Mzp7aTowO086ODoic3RkQ2xhc3MiOjU6e3M6MTE6InNjcmVlbl9uYW1lIjtzOjExOiJpcmFuX3BvbGljeSI7czo0OiJuYW1lIjtzOjg6Ik5DUkktRkFDIjtzOjI6ImlkIjtpOjEwNzM4MDI0NDQ7czo2OiJpZF9zdHIiO3M6MTA6IjEwNzM4MDI0NDQiO3M6NzoiaW5kaWNlcyI7YToyOntpOjA7aTozO2k6MTtpOjE1O319aToxO086ODoic3RkQ2xhc3MiOjU6e3M6MTE6InNjcmVlbl9uYW1lIjtzOjM6IkNOTiI7czo0OiJuYW1lIjtzOjM6IkNOTiI7czoyOiJpZCI7aTo3NTkyNTE7czo2OiJpZF9zdHIiO3M6NjoiNzU5MjUxIjtzOjc6ImluZGljZXMiO2E6Mjp7aTowO2k6MTMwO2k6MTtpOjEzNDt9fWk6MjtPOjg6InN0ZENsYXNzIjo1OntzOjExOiJzY3JlZW5fbmFtZSI7czoyOiJXYSI7czo0OiJuYW1lIjtzOjk6IldhIENvbm5lciI7czoyOiJpZCI7aTo3NzQ5NDE7czo2OiJpZF9zdHIiO3M6NjoiNzc0OTQxIjtzOjc6ImluZGljZXMiO2E6Mjp7aTowO2k6MTM2O2k6MTtpOjEzOTt9fX19","2013-06-13 20:51:20","0.00000","0.00000","157000794","daneshdjo","Sou","http://a0.twimg.com/profile_images/3463095252/dda193274ba00b0d9176b4d8e9da540c_normal.jpeg"
"345342659012984832","RT @SenTedCruz: Today, I ask all Americans to join in urging regime in Iran to tear down walls of political &amp; religious persecution: http:/…","Tzo4OiJzdGRDbGFzcyI6NDp7czo4OiJoYXNodGFncyI7YTowOnt9czo3OiJzeW1ib2xzIjthOjA6e31zOjQ6InVybHMiO2E6MDp7fXM6MTM6InVzZXJfbWVudGlvbnMiO2E6MTp7aTowO086ODoic3RkQ2xhc3MiOjU6e3M6MTE6InNjcmVlbl9uYW1lIjtzOjEwOiJTZW5UZWRDcnV6IjtzOjQ6Im5hbWUiO3M6MTY6IlNlbmF0b3IgVGVkIENydXoiO3M6MjoiaWQiO2k6MTA3NDQ4MDE5MjtzOjY6ImlkX3N0ciI7czoxMDoiMTA3NDQ4MDE5MiI7czo3OiJpbmRpY2VzIjthOjI6e2k6MDtpOjM7aToxO2k6MTQ7fX19fQ==","2013-06-13 20:51:20","0.00000","0.00000","224834462","Judi_Flynn2","Judi Flynn","http://a0.twimg.com/profile_images/3317902975/cefac28a6b8effd233cdc827fe1fe1d7_normal.jpeg"
"345342660657164289","RT @navyjoc1655: @barbarastarrcnn Assad promised Iran a mil base w airstrip in Latakia. From there Iran will distribute weapons &amp; terrorism…","Tzo4OiJzdGRDbGFzcyI6NDp7czo4OiJoYXNodGFncyI7YTowOnt9czo3OiJzeW1ib2xzIjthOjA6e31zOjQ6InVybHMiO2E6MDp7fXM6MTM6InVzZXJfbWVudGlvbnMiO2E6Mjp7aTowO086ODoic3RkQ2xhc3MiOjU6e3M6MTE6InNjcmVlbl9uYW1lIjtzOjExOiJuYXZ5am9jMTY1NSI7czo0OiJuYW1lIjtzOjE3OiJNaWNoYWVsIEdhbGxhZ2hlciI7czoyOiJpZCI7aToxMDY1NzQ5NzQ7czo2OiJpZF9zdHIiO3M6OToiMTA2NTc0OTc0IjtzOjc6ImluZGljZXMiO2E6Mjp7aTowO2k6MztpOjE7aToxNTt9fWk6MTtPOjg6InN0ZENsYXNzIjo1OntzOjExOiJzY3JlZW5fbmFtZSI7czoxNToiYmFyYmFyYXN0YXJyY25uIjtzOjQ6Im5hbWUiO3M6MTM6IkJhcmJhcmEgU3RhcnIiO3M6MjoiaWQiO2k6MTE5MDQ4MTExO3M6NjoiaWRfc3RyIjtzOjk6IjExOTA0ODExMSI7czo3OiJpbmRpY2VzIjthOjI6e2k6MDtpOjE3O2k6MTtpOjMzO319fX0=","2013-06-13 20:51:21","0.00000","0.00000","119048111","barbarastarrcnn","Barbara Starr","http://a0.twimg.com/profile_images/2326245703/1uawpkaqw3q1dqxt2dxl_normal.jpeg"
"345342682090049536","RT @tparsi: Chants at Rouhani rally: http://t.co/SjOPFvv3tg “If there's cheating, Iran will turn into a battlefield!” #Iranelection","Tzo4OiJzdGRDbGFzcyI6NDp7czo4OiJoYXNodGFncyI7YToxOntpOjA7Tzo4OiJzdGRDbGFzcyI6Mjp7czo0OiJ0ZXh0IjtzOjEyOiJJcmFuZWxlY3Rpb24iO3M6NzoiaW5kaWNlcyI7YToyOntpOjA7aToxMTg7aToxO2k6MTMxO319fXM6Nzoic3ltYm9scyI7YTowOnt9czo0OiJ1cmxzIjthOjE6e2k6MDtPOjg6InN0ZENsYXNzIjo0OntzOjM6InVybCI7czoyMjoiaHR0cDovL3QuY28vU2pPUEZ2djN0ZyI7czoxMjoiZXhwYW5kZWRfdXJsIjtzOjQyOiJodHRwOi8vd3d3LnlvdXR1YmUuY29tL3dhdGNoP3Y9V2NtRGlfWURkTjQiO3M6MTE6ImRpc3BsYXlfdXJsIjtzOjI5OiJ5b3V0dWJlLmNvbS93YXRjaD92PVdjbURpX+KApiI7czo3OiJpbmRpY2VzIjthOjI6e2k6MDtpOjM3O2k6MTtpOjU5O319fXM6MTM6InVzZXJfbWVudGlvbnMiO2E6MTp7aTowO086ODoic3RkQ2xhc3MiOjU6e3M6MTE6InNjcmVlbl9uYW1lIjtzOjY6InRwYXJzaSI7czo0OiJuYW1lIjtzOjExOiJUcml0YSBQYXJzaSI7czoyOiJpZCI7aTo0MjE3NjE2NjtzOjY6ImlkX3N0ciI7czo4OiI0MjE3NjE2NiI7czo3OiJpbmRpY2VzIjthOjI6e2k6MDtpOjM7aToxO2k6MTA7fX19fQ==","2013-06-13 20:51:26","0.00000","0.00000","32218153","MattMachowski","Matthew Machowski","http://a0.twimg.com/profile_images/3359549719/5979f9417cbabed78a8187d253e9c602_normal.png"
"345342682392059904","@tedcruz Iran hates women almost as much as you do.","Tzo4OiJzdGRDbGFzcyI6NDp7czo4OiJoYXNodGFncyI7YTowOnt9czo3OiJzeW1ib2xzIjthOjA6e31zOjQ6InVybHMiO2E6MDp7fXM6MTM6InVzZXJfbWVudGlvbnMiO2E6MTp7aTowO086ODoic3RkQ2xhc3MiOjU6e3M6MTE6InNjcmVlbl9uYW1lIjtzOjc6InRlZGNydXoiO3M6NDoibmFtZSI7czo4OiJUZWQgQ3J1eiI7czoyOiJpZCI7aToyMzAyMjY4NztzOjY6ImlkX3N0ciI7czo4OiIyMzAyMjY4NyI7czo3OiJpbmRpY2VzIjthOjI6e2k6MDtpOjA7aToxO2k6ODt9fX19","2013-06-13 20:51:26","0.00000","0.00000","1344756000","nolanvonerich","Nolan Von Erich","http://a0.twimg.com/profile_images/3729514167/49398aa74cc2aaaaef6df6b8355181a2_normal.jpeg"
"345342684111716352","RT @AdamWeinstein: *Besides Vietnam, Watergate, Iran-Contra, Iraq MT @Peggynoonannyc: ...the president has done the most in our time to dam…","Tzo4OiJzdGRDbGFzcyI6NDp7czo4OiJoYXNodGFncyI7YTowOnt9czo3OiJzeW1ib2xzIjthOjA6e31zOjQ6InVybHMiO2E6MDp7fXM6MTM6InVzZXJfbWVudGlvbnMiO2E6Mjp7aTowO086ODoic3RkQ2xhc3MiOjU6e3M6MTE6InNjcmVlbl9uYW1lIjtzOjEzOiJBZGFtV2VpbnN0ZWluIjtzOjQ6Im5hbWUiO3M6MTQ6IkFkYW0gV2VpbnN0ZWluIjtzOjI6ImlkIjtpOjIwNzI1OTk0O3M6NjoiaWRfc3RyIjtzOjg6IjIwNzI1OTk0IjtzOjc6ImluZGljZXMiO2E6Mjp7aTowO2k6MztpOjE7aToxNzt9fWk6MTtPOjg6InN0ZENsYXNzIjo1OntzOjExOiJzY3JlZW5fbmFtZSI7czoxNDoiUGVnZ3lub29uYW5ueWMiO3M6NDoibmFtZSI7czoxMjoiUGVnZ3kgTm9vbmFuIjtzOjI6ImlkIjtpOjM1NDc0ODA5O3M6NjoiaWRfc3RyIjtzOjg6IjM1NDc0ODA5IjtzOjc6ImluZGljZXMiO2E6Mjp7aTowO2k6Njk7aToxO2k6ODQ7fX19fQ==","2013-06-13 20:51:26","0.00000","0.00000","26370513","robprather","Rob Prather","http://a0.twimg.com/profile_images/3217859191/7e38ff090ec491a157d2d572fce6bb3d_normal.jpeg"
